Product Type,Recently Updated Record,Last Modified Date,Event ID,Status,Recalling Firm,Address1,Address2,City,State/Province,Postal Code,Country,Voluntary/Mandated,Initial Firm Notification of Consignee or Public,Distribution Pattern,Recall Number,Classification,Product Description,Product Quantity,Reason for Recall,Recall Initiation Date,Center Classification Date,Termination Date,Report Date,Code Info
"Devices","No","","92629","Ongoing","Draeger Medical, Inc.","3135 Quarry Rd","","Telford","PA","	18969-1042","United States","Voluntary: Firm initiated","Letter","US Nationwide Distribution.","Z-2248-2023","Class I","Carina Sub-Acute Care Ventilator","11,621 units","Presence of polyether polyurethane (PE-PUR) and emission of 1,3-Dichloropropan-2-ol that exceed the acceptable uptake level during continuous use (>30 days) in pediatric patients.","07/12/2023","08/18/2023","","08/30/2023","Part No. 5704110; UDI-DI 04048675398516; All Serial No."
"Food","No","","92651","Ongoing","Freshy Foods, LLC","508 Time Saver Ave","","New Orleans","LA","	70123-3133","United States","Voluntary: Firm initiated","Telephone","Facilities located in FL, LA, and MS","F-1450-2023","Class I","Team Fresh & Go: Cantaloupe Cup, packaged in 12oz plastic cup with lid. Packaged and sold as single unit.","75 units","potential contamination of Listeria monocytogenes","06/29/2023","08/21/2023","","08/30/2023","Best By 07/05/23"
"Food","No","","92651","Ongoing","Freshy Foods, LLC","508 Time Saver Ave","","New Orleans","LA","	70123-3133","United States","Voluntary: Firm initiated","Telephone","Facilities located in FL, LA, and MS","F-1451-2023","Class I","Team Fresh & Go: Mixed Fruit Cup, packaged in 16oz plastic cup with lid. Packaged and sold as single unit.","249 units","potential contamination of Listeria monocytogenes","06/29/2023","08/21/2023","","08/30/2023","Best By 07/05/23"
"Food","No","","92651","Ongoing","Freshy Foods, LLC","508 Time Saver Ave","","New Orleans","LA","	70123-3133","United States","Voluntary: Firm initiated","Telephone","Facilities located in FL, LA, and MS","F-1452-2023","Class I","Team Fresh & Go: Pineapple Cup, packaged in 12oz plastic cup with lid. Packaged and sold as single unit.","214 units","potential contamination of Listeria monocytogenes","06/29/2023","08/21/2023","","08/30/2023","Best By 07/05/23"
"Food","Yes","08/28/2023","92840","Ongoing","Real Kosher Ice Cream, Inc.","3614 15th Ave","","Brooklyn","NY","	11218-4402","United States","Voluntary: Firm initiated","Letter","CA, CO, CT, DC, DE, FL, IL, MA, MD, MI, MN, NC, NH, NJ, NY, OH, OR, PA, VA, WV; Mexico, United Kingdom, Canada, Belgium, and Brazil","F-1477-2023","Class I","Soft Serve on the Go brand Vanilla Chocolate flavor; 8 fl oz; UPC 0-91404-15129-0  Soft Serve on the Go brand Parve Vanilla Chocolate flavor; 8 fl oz; UPC 0-91404-15113-9","54,076 Cases  (12 cups per case) total all products","Product may be contaminated with Listeria monocytogenes.","08/08/2023","08/28/2023","","08/30/2023","No Codes."
"Food","Yes","08/28/2023","92840","Ongoing","Real Kosher Ice Cream, Inc.","3614 15th Ave","","Brooklyn","NY","	11218-4402","United States","Voluntary: Firm initiated","Letter","CA, CO, CT, DC, DE, FL, IL, MA, MD, MI, MN, NC, NH, NJ, NY, OH, OR, PA, VA, WV; Mexico, United Kingdom, Canada, Belgium, and Brazil","F-1478-2023","Class I","Soft Serve on the Go brand Razzle n' Dazzle Peanut Butter flavor; 8 fl oz; UPC 0-91404-15133-7","54,076 Cases  (12 cups per case) total all products","Product may be contaminated with Listeria monocytogenes.","08/08/2023","08/28/2023","","08/30/2023","No Codes."
"Food","Yes","08/28/2023","92840","Ongoing","Real Kosher Ice Cream, Inc.","3614 15th Ave","","Brooklyn","NY","	11218-4402","United States","Voluntary: Firm initiated","Letter","CA, CO, CT, DC, DE, FL, IL, MA, MD, MI, MN, NC, NH, NJ, NY, OH, OR, PA, VA, WV; Mexico, United Kingdom, Canada, Belgium, and Brazil","F-1479-2023","Class I","Soft Serve on the Go brand Caramel Vanilla flavor; 8 fl oz; UPC 0-91404-15131-3","54,076 Cases  (12 cups per case) total all products","Product may be contaminated with Listeria monocytogenes.","08/08/2023","08/28/2023","","08/30/2023","No Codes."
"Food","Yes","08/28/2023","92840","Ongoing","Real Kosher Ice Cream, Inc.","3614 15th Ave","","Brooklyn","NY","	11218-4402","United States","Voluntary: Firm initiated","Letter","CA, CO, CT, DC, DE, FL, IL, MA, MD, MI, MN, NC, NH, NJ, NY, OH, OR, PA, VA, WV; Mexico, United Kingdom, Canada, Belgium, and Brazil","F-1480-2023","Class I","Soft Serve on the Go brand Sorbet Strawberry Mango Sorbet flavor; 8 fl oz; UPC 0-91404-15128-3","54,076 Cases  (12 cups per case) total all products","Product may be contaminated with Listeria monocytogenes.","08/08/2023","08/28/2023","","08/30/2023","No Codes."
"Food","Yes","08/28/2023","92840","Ongoing","Real Kosher Ice Cream, Inc.","3614 15th Ave","","Brooklyn","NY","	11218-4402","United States","Voluntary: Firm initiated","Letter","CA, CO, CT, DC, DE, FL, IL, MA, MD, MI, MN, NC, NH, NJ, NY, OH, OR, PA, VA, WV; Mexico, United Kingdom, Canada, Belgium, and Brazil","F-1481-2023","Class I","Soft Zero on the Go brand Lite Peanut Butter flavor; 8 fl oz; UPC 0-91404-15285-3","54,076 Cases  (12 cups per case) total all products","Product may be contaminated with Listeria monocytogenes.","08/08/2023","08/28/2023","","08/30/2023","No Codes."
"Biologics","No","","91988","Terminated","SURGENEX LLC","15444 N 76th St Ste 110","","Scottsdale","AZ","	85260-1894","United States","Voluntary: Firm initiated","Letter","AL, AZ, CA, XO, CT, DE, FL, GA, IA, IL, IN, KY, MI, MO, NC, OR, SC, TN, TX, VA, WA","B-0592-2023","Class II","SurCord(product code 0420) = 2.0cc, SurCord (product code 0410) = 1.0cc","327 vials","Surgenex is recalling SurForce, SurCord and SurFactor allografts because the firm received a warning letter from the FDA which referenced the products were distributed without an approved IND (or BLA) and manufacturing controls.","12/28/2021","08/19/2023","08/25/2023","08/30/2023","Tissue Deposit No SG21BT0058-0038 SG21BT0058-0039 SG20BT0088-0002 SG20BT0088-0040 SG21BT0058-0055 SG20BT0088-0085 SG20BT0120-0034 SG20BT0120-0035 SG20BT0120-0057 SG21BT0058-0056 SG21BT0058-0084 SG21BT0058-0085 SG21BT0058-0086 SG21BT0058-0026 SG21BT0058-0031 SG21BT0058-0076 SG21BT0058-0081 SG21BT0058-0083 SG21BT0058-0067 SG21BT0061-0031 SG21BT0061-0037 SG21BT0061-0039 SG21BT0061-0046 SG21BT0061-0064 SG21BT0058-0066 SG21BT0058-0068 SG21BT0058-0065 SG21BT0058-0070 SG21BT0058-0071 SG21BT0058-0077 SG21BT0058-0072 SG21BT0058-0073 SG19BT0057-0092 SG19BT0057-0135 SG19BT0057-0167 SG20BT0088-0052 SG20BT0120-0030 SG20BT0120-0031 SG21BT0061-0048 SG21BT0061-0054 SG21BT0058-0075 SG21BT0061-0061 SG20BT0088-0005 SG20BT0088-0011 SG21BT0061-0055 SG21BT0058-0021 SG21BT0058-0024 SG21BT0058-0025 SG21BT0058-0027 SG21BT0058-0028 SG20BT0088-0007 SG20BT0088-0016 SG20BT0088-0024 SG20BT0088-0032 SG20BT0088-0039 SG20BT0088-0028 SG20BT0088-0030 SG20BT0088-0036 SG21BT0061-0053 SG21BT0061-0065 SG21BT0061-0066 SG19BT0057-0052 SG19BT0057-0143 SG19BT0057-0147 SG19BT0057-0150 SG19BT0057-0161 SG19BT0057-0166 SG19BT0057-0168 SG19BT0057-0171 SG19BT0057-0173 SG19BT0057-0206 SG20BT0088-0029 SG20BT0088-0094 SG20BT0088-0096 SG21BT0061-0067 SG21BT0061-0068 SG21BT0061-0076 SG21BT0061-0077 SG21BT0061-0029 SG21BT0061-0030 SG21BT0061-0032 SG21BT0061-0033 SG21BT0061-0034 SG21BT0061-0035 SG21BT0061-0036 SG21BT0061-0038 SG21BT0061-0045 SG21BT0061-0049 SG21BT0061-0050 SG21BT0061-0051 SG21BT0061-0052 SG21BT0061-0056 SG21BT0061-0057 SG21BT0061-0058 SG21BT0061-0059 SG21BT0061-0060 SG21BT0061-0062 SG21BT0061-0063 SG19BT0057-0172 SG21BT0081-0049 SG21BT0081-0015 SG21BT0081-0016 SG21BT0081-0004 SG21BT0081-0005 SG21BT0081-0019 SG21BT0081-0029 SG21BT0081-0031 SG19BT0057-0102 SG19BT0057-0110 SG19BT0057-0128 SG19BT0057-0130 SG19BT0057-0134 SG19BT0057-0148 SG19BT0057-0149 SG19BT0057-0162 SG19BT0057-0165 SG19BT0057-0174 SG19BT0057-0183 SG19BT0057-0192 SG19BT0057-0221 SG20BT0120-0004 SG20BT0120-0010 SG20BT0120-0037 SG20BT0120-0045 SG20BT0120-0047 SG20BT0120-0054 SG20BT0120-0060 SG21BT0081-0017 SG21BT0081-0018 SG21BT0081-0020 SG21BT0081-0021 SG21BT0081-0022 SG20BT0088-0001 SG20BT0088-0009 SG20BT0088-0017 SG20BT0088-0018 SG20BT0088-0057 SG20BT0088-0064 SG20BT0088-0065 SG20BT0088-0077 SG20BT0088-0078 SG20BT0088-0086 SG20BT0088-0091 SG20BT0088-0093 SG20BT0088-0095 SG20BT0088-0109 SG20BT0088-0110 SG20BT0120-0042 SG20BT0120-0046 SG20BT0120-0048 SG20BT0120-0049 SG20BT0120-0050 SG20BT0120-0053 SG20BT0120-0058 SG20BT0120-0061 SG20BT0120-0068 SG20BT0120-0078 SG21BT0081-0006 SG21BT0081-0014 SG21BT0081-0023 SG21BT0081-0024 SG21BT0081-0025 SG21BT0081-0026 SG21BT0081-0027 SG21BT0081-0028 SG21BT0081-0032 SG21BT0081-0033 SG21BT0081-0050 SG21BT0081-0051 SG21BT0081-0053 SG21BT0081-0054 SG21BT0081-0055 SG21BT0081-0056 SG21BT0081-0057 SG21BT0081-0058 SG21BT0081-0059 SG21BT0081-0060 SG21BT0081-0062 SG21BT0081-0063 SG21BT0081-0064 SG21BT0110-0103 SG21BT0110-0108 SG21BT0081-0030 SG21BT0081-0013 SG20BT0120-0073 SG21BT0081-0052 SG21BT0110-0094 SG21BT0081-0038 SG21BT0081-0039 SG21BT0081-0040 SG21BT0081-0041 SG21BT0081-0048 SG21BT0110-0012 SG21BT0110-0014 SG21BT0110-0028 SG21BT0110-0029 SG21BT0110-0056 SG21BT0081-0034 SG21BT0110-0101 SG21BT0110-0015 SG21BT0110-0019 SG21BT0110-0023 SG21BT0110-0031 SG21BT0110-0038 SG21BT0110-0039 SG21BT0110-0047 SG21BT0110-0049 SG21BT0110-0050 SG21BT0110-0057 SG20BT0088-0021 SG20BT0088-0022 SG20BT0088-0023 SG20BT0088-0025 SG20BT0088-0033 SG20BT0088-0035 SG20BT0088-0042 SG20BT0088-0051 SG20BT0088-0063 SG20BT0088-0068 SG20BT0088-0076 SG20BT0088-0103 SG20BT0088-0106 SG20BT0088-0114 SG20BT0088-0115 SG20BT0088-0118 SG21BT0081-0007 SG21BT0081-0008 SG21BT0081-0009 SG21BT0081-0010 SG21BT0081-0011 SG21BT0081-0012 SG21BT0081-0035 SG21BT0081-0036 SG21BT0081-0037 SG21BT0081-0042 SG21BT0081-0043 SG21BT0081-0044 SG21BT0081-0045 SG21BT0081-0046 SG21BT0081-0047 SG21BT0081-0061 SG21BT0081-0065 SG21BT0081-0066 SG21BT0081-0067 SG21BT0081-0068 SG21BT0081-0069 SG21BT0081-0070 SG21BT0110-0013 SG21BT0110-0016 SG21BT0110-0020 SG21BT0110-0021 SG21BT0110-0024 SG21BT0110-0037 SG21BT0110-0046 SG21BT0110-0053 SG21BT0110-0054 SG21BT0110-0059 SG21BT0110-0082 SG21BT0110-0083 SG21BT0110-0084 SG21BT0110-0085 SG21BT0110-0086 SG21BT0110-0089 SG21BT0110-0090 SG21BT0110-0091 SG21BT0110-0092 SG21BT0110-0093 SG21BT0110-0095 SG21BT0110-0096 SG21BT0110-0099 SG21BT0110-0102 SG21BT0110-0104 SG21BT0110-0107 SG21BT0110-0109 SG20BT0088-0047 SG20BT0088-0055 SG20BT0088-0101 SG20BT0088-0107 SG20BT0088-0108 SG20BT0088-0111 SG20BT0088-0112 SG20BT0088-0113 SG21BT0110-0018 SG21BT0110-0022 SG21BT0110-0026 SG21BT0110-0027 SG21BT0110-0030 SG21BT0110-0032 SG21BT0110-0034 SG21BT0110-0035 SG21BT0110-0036 SG21BT0110-0040 SG21BT0110-0042 SG21BT0110-0043 SG21BT0110-0045 SG21BT0110-0052 SG21BT0110-0058 SG21BT0110-0061 SG21BT0110-0062 SG21BT0110-0063 SG21BT0110-0087 SG21BT0110-0088 SG21BT0110-0097 SG21BT0110-0098 SG21BT0110-0100 SG21BT0110-0105 SG21BT0110-0106 SG20BT0088-0099 SG20BT0088-0100 SG20BT0088-0088 SG20BT0088-0104 SG20BT0088-0070 SG20BT0088-0079 SG20BT0088-0087 SG20BT0088-0089 SG20BT0088-0090 SG20BT0088-0097 SG21BT0110-0041 SG21BT0110-0044 SG21BT0110-0048 SG21BT0110-0055 SG21BT0110-0025 SG21BT0110-0033 SG21BT0110-0051 SG21BT0110-0060 SG21BT0110-0076 SG21BT0110-0079"
"Biologics","No","","91988","Terminated","SURGENEX LLC","15444 N 76th St Ste 110","","Scottsdale","AZ","	85260-1894","United States","Voluntary: Firm initiated","Letter","AL, AZ, CA, XO, CT, DE, FL, GA, IA, IL, IN, KY, MI, MO, NC, OR, SC, TN, TX, VA, WA","B-0593-2023","Class II","SurForce (product code 0105) = 0.5 cc, SurForce (product code 0110) = 1.0 cc, SurForce (product code 0120) = 2.0 cc","617 vials","Surgenex is recalling SurForce, SurCord and SurFactor allografts because the firm received a warning letter from the FDA which referenced the products were distributed without an approved IND (or BLA) and manufacturing controls.","12/28/2021","08/19/2023","08/25/2023","08/30/2023","Tissue Deposit No SG20BT0204-0056 SG20BT0215-0043 SG20BT0215-0046 SG20BT0204-0013 SG20BT0215-0018 SG20BT0215-0041 SG20BT0215-0105 SF190815A-0294 SF190816A-0085 SF190718A-0169 SF190718A-0171 SG20BT0204-0058 SG20BT0204-0059 SG20BT0215-0122 SG20BT0204-0124 SG20BT0204-0134 SG20BT0204-0135 SG20BT0204-0137 SG20BT0204-0140 SG20BT0204-0060 SG20BT0204-0061 SG20BT0204-0063 SG20BT0204-0095 SG20BT0204-0062 SG20BT0215-0064 SG20BT0215-0121 SG20BT0204-0041 SG20BT0204-0120 SG20BT0204-0070 SG20BT0204-0079 SG20BT0204-0133 SG20BT0204-0079 SG20BT0215-0072 SG20BT0215-0140 SG20BT0204-0024 SG20BT0204-0053 SG20BT0204-0078 SG20BT0204-0080 SG20BT0204-0082 SG20BT0215-0029 SG20BT0204-0025 SG20BT0204-0026 SG20BT0204-0081 SG20BT0204-0087 SG20BT0204-0088 SG20BT0215-0002 SG20BT0204-0011 SG20BT0204-0012 SG20BT0215-0091 SG20BT0215-0099 SG20BT0204-0136 SG20BT0204-0009 SG20BT0204-0019 SG20BT0204-0092 SG20BT0204-0139 SG20BT0215-0071 SG20BT0215-0082 SG20BT0204-0008 SG20BT0204-0010 SG20BT0215-0053 SG20BT0215-0063 SG20BT0215-0073 SG20BT0215-0132 SG20BT0204-0028 SG20BT0215-0096 SG20BT0215-0098 SG20BT0204-0029 SG20BT0215-0094 SG20BT0215-0097 SG20BT0215-0100 SG20BT0204-0022 SG20BT0204-0017 SG20BT0204-0023 SG20BT0215-0056 SG20BT0204-0018 SG20BT0215-0009 SG20BT0215-0019 SG20BT0215-0062 SG20BT0204-0040 SG20BT0204-0044 SG20BT0204-0068 SG20BT0204-0069 SG20BT0215-0072 SG20BT0215-0140 SG20BT0204-0046 SG20BT0204-0057 SG20BT0204-0071 SG20BT0204-0075 SG20BT0204-0076 SG20BT0204-0077 SG20BT0204-0074 SG20BT0215-0012 SG20BT0215-0017 SG20BT0215-0021 SG20BT0215-0034 SG20BT0215-0058 SG20BT0204-0111 SG20BT0204-0027 SG20BT0215-0035 SG20BT0204-0047 SG20BT0204-0048 SG20BT0204-0051 SG20BT0204-0049 SG20BT0204-0116 SG20BT0204-0045 SG20BT0204-0016 SG20BT0204-0021 SG20BT0215-0079 SG20BT0215-0080 SG20BT0215-0119 SG20BT0204-0054 SG20BT0204-0055 SG20BT0204-0107 SG20BT0204-0112 SG20BT0204-0126 SG20BT0204-0129 SG20BT0215-0052 SG20BT0215-0074 SG20BT0215-0076 SG20BT0215-0083 SG20BT0215-0127 SG20BT0215-0130 SG20BT0215-0141 SG20BT0215-0142 SG20BT0215-0143 SG20BT0215-0144 SG20BT0204-0052 SG20BT0204-0115 SG20BT0204-0131 SG20BT0204-0132 SG20BT0215-0051 SG20BT0215-0081 SG20BT0215-0103 SG20BT0215-0112 SG20BT0215-0113 SG20BT0215-0114 SG20BT0215-0115 SG20BT0215-0125 SG20BT0215-0126 SG20BT0204-0033 SG20BT0204-0034 SG20BT0204-0127 SG20BT0204-0125 SG20BT0204-0110 SG20BT0204-0128 SG20BT0215-0026 SG20BT0204-0091 SG20BT0215-0003 SG20BT0215-0025 SG20BT0215-0124 SG20BT0204-0108 SG20BT0204-0117 SG20BT0215-0106 SG20BT0215-0120 SG20BT0215-0089 SG20BT0204-0064 SG20BT0204-0066 SG20BT0204-0114 SG20BT0215-0010 SG20BT0215-0014 SG20BT0215-0067 SG20BT0204-0043 SG20BT0204-0050 SG20BT0204-0138 SG20BT0204-0039 SG20BT0204-0067 SG20BT0215-0066 SG20BT0215-0092 SG20BT0204-0014 SG20BT0204-0042 SG20BT0204-0065 SG20BT0204-0072 SG20BT0215-0013 SG20BT0204-0015 SG20BT0204-0020 SG20BT0204-0035 SG20BT0215-0008 SG20BT0215-0015 SG20BT0215-0016 SG20BT0204-0118 SG20BT0204-0119 SG20BT0204-0121 SG20BT0204-0123 SG20BT0215-0011 SG20BT0215-0020 SG20BT0204-0113 SG20BT0204-0122 SG20BT0215-0060 SG20BT0204-0130 SG20BT0204-0109 SG20BT0215-0023 SG20BT0204-0083 SG20BT0204-0086 SG20BT0204-0084 SG20BT0204-0085 SG20BT0204-0104 SG20BT0215-0004 SG20BT0215-0036 SG20BT0215-0086 SG20BT0215-0022 SG20BT0204-0094 SG20BT0204-0096 SG20BT0215-0024 SG20BT0215-0069 SG20BT0204-0073 SG20BT0215-0044 SG20BT0215-0047 SG20BT0215-0057 SG20BT0215-0068 SG20BT0204-0090 SG20BT0215-0027 SG20BT0215-0055 SG20BT0215-0059 SG20BT0215-0061 SG20BT0204-0093 SG20BT0215-0030 SG20BT0215-0007 SG20BT0215-0090 SG20BT0204-0038 SG20BT0215-0084 SG20BT0215-0085 SG20BT0172-0190 SG20BT0172-0213 SG20BT0172-0214 SG20BT0172-0228 SG20BT0172-0212 SG20BT0172-0229 SG20BT0204-0031 SG20BT0172-0222 SG20BT0172-0223 SG20BT0172-0224 SG20BT0172-0226 SG20BT0204-0030 SG20BT0204-0036 SG20BT0204-0037 SG20BT0204-0098 SG20BT0204-0099 SG20BT0204-0100 SG20BT0204-0101 SG20BT0204-0089 SG20BT0204-0106 SG20BT0215-0033 SG20BT0204-0032 SG20BT0204-0102 SG20BT0204-0103 SG20BT0204-0105 SG20BT0215-0005 SG20BT0215-0028 SG20BT0172-0200 SG20BT0172-0206 SF190815A-0295 SF190718A-0170 SF190718A-0334 SG20BT0172-0207 SG20BT0172-0185 SG20BT0172-0191 SG20BT0172-0201 SG20BT0172-0179 SG20BT0172-0167 SG20BT0172-0171 SG20BT0172-0225 SF190815A-0302 SG20BT0172-0227 SG20BT0172-0204 SG20BT0172-0205 SG20BT0172-0233 SG20BT0172-0234 SG20BT0172-0235 SG20BT0172-0175 SG20BT0172-0232 SG20BT0172-0168 SG20BT0172-0172 SG20BT0172-0176 SG20BT0172-0165 SG20BT0215-0031 SG20BT0172-0170 SG20BT0172-0156 SG20BT0172-0157 SG20BT0172-0162 SG20BT0172-0166 SG20BT0172-0209 SG20BT0215-0118 SG20BT0215-0032 SG20BT0172-0177 SG20BT0215-0038 SG20BT0215-0039 SG20BT0172-0160 SG20BT0172-0163 SG20BT0215-0006 SG20BT0215-0037 SG20BT0215-0048 SG20BT0215-0050 SG20BT0172-0152 SG20BT0172-0158 SG20BT0172-0217 SG20BT0215-0042 SG20BT0215-0045 SG20BT0215-0087 SG20BT0215-0088 SG20BT0172-0182 SG20BT0215-0054 SG20BT0172-0178 SG20BT0172-0180 SG20BT0172-0195 SG20BT0172-0164 SG20BT0172-0169 SG20BT0172-0173 SG20BT0172-0197 SG20BT0172-0203 SG20BT0215-0104 SG20BT0215-0134 SG20BT0215-0135 SG20BT0215-0049 SG20BT0172-0174 SG20BT0215-0109 SG20BT0172-0187 SG20BT0215-0108 SG20BT0172-0193 SF190221A-621 SF190815A-0102 SF190815A-0110 SF190816A-0091 SG20BT0215-0111 SG20BT0215-0116 SG20BT0172-0192 SG20BT0172-0155 SG20BT0172-0159 SG20BT0172-0186 SG20BT0215-0110 SG20BT0172-0153 SG20BT0172-0154 SG20BT0172-0183 SG20BT0172-0184 SG20BT0172-0194 SG20BT0172-0196 SF190718A-0013 SF190718A-0027 SF190815A-0296 SF190816A-0051 SG20BT0172-0218 SF190816A-0005 SF190816A-0006 SF190816A-0010 SF190816A-0011 SF190815A-0096 SF190815A-0162 SF190815A-0243 SF190816A-0020 SF190816A-0025 SF190816A-0092 SG20BT0213-0002 SF190815A-0108 SF190816A-0017 SF190718A-0019 SF190816A-0015 SF190816A-0026 SF190816A-0031 SG20BT0213-0003 SG20BT0213-0005 SG20BT0213-0004 SF190815A-0054 SF190815A-0142 SF190815A-0143 SF190815A-0144 SF190815A-0367 SF190816A-0024 SG20BT0172-0230 SG20BT0172-0231 SF190718A-0136 SF190718A-0147 SF190815A-0097 SF190815A-0119 SF190815A-0226 SF190815A-0356 SF190816A-0027 SF190816A-0040 SF190816A-0041 SF190816A-0045 SF190816A-0057 SF190816A-0089 SF190816A-0100 SF190816A-0115 SG20BT0213-0006 SG20BT0213-0007 SG20BT0213-0008 SG20BT0213-0009 SG20BT0213-0010 SG20BT0172-0198 SG20BT0172-0161 SG20BT0172-0189 SG20BT0172-0199 SG20BT0172-0202 SG20BT0172-0208 SG20BT0172-0210 SG20BT0172-0221 SG20BT0215-0102 SG20BT0172-0181 SG20BT0172-0188 SG20BT0172-0211 SG20BT0172-0215 SG20BT0172-0216 SG20BT0172-0219 SG20BT0172-0220 SG20BT0215-0123 SF190816A-0030 SF190816A-0084 SF190815A-0104 SF190815A-0213 SG20BT0213-0146 SG20BT0213-0156 SG20BT0213-0157 SG20BT0213-0158 SG20BT0201-0085 SG20BT0201-0087 SG20BT0215-0065 SG20BT0213-0011 SG20BT0213-0012 SG20BT0213-0077 SG20BT0213-0078 SG20BT0213-0111 SG20BT0213-0112 SG20BT0213-0120 SF190718A-0146 SF190815A-0152 SF190815A-0157 SF190816A-0099 SG20BT0213-0118 SF190816A-0048 SF190816A-0087 SG20BT0213-0019 SG20BT0213-0035 SF190815A-0071 SF190816A-0097 SF190816A-0104 SF190816A-0125 SG20BT0213-0100 SG20BT0213-0028 SG20BT0213-0103 SF190815A-0095 SF190815A-0123 SF190815A-0136 SF190815A-0154 SF190815A-0158 SF190815A-0276 SF190815A-0309 SF190816A-0077 SF190816A-0124 SF190816A-0126 SG20BT0213-0099 SG20BT0213-0026 SF190816A-0018 SF190816A-0023 SF190815A-0001 SF190815A-0065 SF190815A-0128 SF190815A-0149 SF190816A-0013 SF190816A-0022 SF190816A-0032 SF190816A-0033 SF190816A-0098 SF190816A-0101 SG20BT0201-0077 SG20BT0213-0020 SG20BT0213-0046 SG20BT0213-0047 SG20BT0213-0070 SG20BT0213-0075 SG20BT0213-0082 SG20BT0213-0083 SG20BT0213-0113 SG20BT0213-0114 SG20BT0213-0119 SG20BT0213-0141 SG20BT0213-0076 SG20BT0213-0143 SG20BT0213-0144 SG20BT0213-0145 SG20BT0213-0149 SG20BT0213-0150 SG20BT0213-0151 SF190815A-0132 SF190816A-0046 SF190816A-0071 SF190816A-0081 SG20BT0201-0066 SG20BT0213-0110 SG20BT0201-0063 SG20BT0201-0067 SG20BT0201-0068 SG20BT0201-0074 SG20BT0201-0075 SG20BT0201-0064 SG20BT0201-0065 SG20BT0201-0072 SG20BT0201-0073 SG20BT0201-0081 SG20BT0201-0080 SG20BT0213-0073 SG20BT0213-0074 SG20BT0213-0081 SG20BT0213-0115 SF190816A-0013 SF190816A-0032 SG20BT0201-0010 SG20BT0201-0018 SG20BT0201-0026 SG20BT0201-0027 SG20BT0201-0034 SG20BT0201-0035 SG20BT0201-0069 SG20BT0201-0070 SG20BT0201-0086 SG20BT0213-0014 SG20BT0213-0015 SG20BT0213-0016 SG20BT0213-0017 SG20BT0213-0068 SG20BT0213-0088 SG20BT0213-0096 SG20BT0201-0003 SG20BT0201-0004 SG20BT0201-0005 SG20BT0201-0008 SG20BT0201-0009 SG20BT0201-0012 SG20BT0201-0013 SG20BT0201-0015 SG20BT0201-0016 SG20BT0201-0017 SG20BT0201-0020 SG20BT0201-0021 SG20BT0201-0023 SG20BT0201-0024 SG20BT0201-0025 SG20BT0201-0028 SG20BT0201-0029 SG20BT0201-0031 SG20BT0201-0032 SG20BT0201-0033 SG20BT0201-0036 SG20BT0201-0037 SG20BT0201-0038 SG20BT0201-0039 SG20BT0201-0040 SG20BT0201-0041 SG20BT0201-0042 SG20BT0201-0043 SG20BT0201-0044 SG20BT0201-0046 SG20BT0201-0047 SG20BT0201-0048 SG20BT0201-0049 SG20BT0201-0050 SG20BT0201-0051 SG20BT0201-0052 SG20BT0201-0054 SG20BT0201-0055 SG20BT0201-0056 SG20BT0201-0057 SG20BT0201-0059 SG20BT0201-0060 SG20BT0201-0082 SG20BT0201-0083 SG20BT0201-0084 SG20BT0213-0018 SG20BT0213-0021 SG20BT0213-0023 SG20BT0213-0024 SG20BT0213-0027 SG20BT0213-0029 SG20BT0213-0031 SG20BT0213-0032 SG20BT0213-0036 SG20BT0213-0039 SG20BT0213-0042 SG20BT0213-0043 SG20BT0213-0101 SG20BT0213-0102 SG20BT0213-0104 SG20BT0213-0105 SG20BT0213-0106 SG20BT0213-0107 SG20BT0213-0108 SG20BT0213-0109 SG20BT0213-0091 SG20BT0213-0033 SG20BT0213-0034 SG20BT0213-0040 SG20BT0213-0044 SG20BT0213-0013 SG20BT0213-0030 SG20BT0213-0045 SG20BT0213-0097 SG20BT0213-0126 SG20BT0201-0058 SG20BT0201-0076 SG20BT0213-0037 SG20BT0213-0038 SG20BT0213-0041 SF190815A-0001 SF190815A-0065 SF190815A-0128 SF190815A-0149 SF190816A-0022 SF190816A-0033 SF190816A-0098 SF190816A-0101 SG20BT0201-0078 SG20BT0201-0079 SG20BT0213-0025 SG20BT0213-0071 SG20BT0213-0072 SG20BT0213-0079 SG20BT0213-0080 SG20BT0213-0116 SG20BT0213-0117"
"Biologics","No","","91988","Terminated","SURGENEX LLC","15444 N 76th St Ste 110","","Scottsdale","AZ","	85260-1894","United States","Voluntary: Firm initiated","Letter","AL, AZ, CA, XO, CT, DE, FL, GA, IA, IL, IN, KY, MI, MO, NC, OR, SC, TN, TX, VA, WA","B-0594-2023","Class II","SurFactor Acellular Amniotic Allograft (product code 0305)= 0.5cc, SurFactor Acellular Amniotic Allograft (product code 0310) = 1.0cc, SurFactor Acellular Amniotic Allograft (product code 0320) = 2.0 cc","451 vials","Surgenex is recalling SurForce, SurCord and SurFactor allografts because the firm received a warning letter from the FDA which referenced the products were distributed without an approved IND (or BLA) and manufacturing controls.","12/28/2021","08/19/2023","08/25/2023","08/30/2023","Tissue Deposit No SG20BT0279-0187 SG20BT0279-0188 SG20BT0279-0189 SG20BT0282-0073 SG20BT0282-0074 SG20BT0282-0075 SG20BT0282-0076 SX190813A-123 SX190813A-124 SG20BT0279-0100 SG20BT0279-0181 SG20BT0279-0182 SG20BT0279-0183 SG20BT0279-0184 SG20BT0279-0185 SG20BT0279-0186 SG20BT0279-0190 SG21BT0050-0202 SG21BT0050-0203 SG20BT0279-0191 SG20BT0279-0192 SG20BT0279-0193 SG20BT0279-0194 SG20BT0279-0195 SG20BT0279-0196 SG20BT0279-0197 SG20BT0279-0198 SG20BT0279-0199 SG20BT0279-0200 SG21BT0050-0289 SX190813A-116 SG20BT0282-0007 SG20BT0282-0072 SG21BT0050-0207 SG21BT0050-0209 SG21BT0050-0210 SG21BT0050-0211 SG21BT0050-0212 SG21BT0050-0213 SG21BT0050-0214 SG21BT0050-0215 SG21BT0050-0216 SG21BT0050-0217 SG21BT0050-0218 SG21BT0050-0219 SG21BT0050-0220 SG21BT0050-0221 SG21BT0050-0223 SG21BT0050-0225 SG21BT0050-0226 SG21BT0050-0255 SG21BT0050-0256 SG21BT0050-0257 SG21BT0050-0232 SG21BT0050-0268 SG21BT0050-0272 SG21BT0050-0275 SG21BT0050-0278 SG21BT0050-0281 SG21BT0050-0284 SG21BT0050-0285 SG21BT0050-0287 SG21BT0050-0288 SG21BT0050-0206 SG21BT0050-0208 SG21BT0050-0228 SG21BT0050-0290 SG21BT0050-0291 SG21BT0050-0293 SG21BT0050-0295 SG21BT0050-0297 SG21BT0050-0299 SG21BT0050-0300 SG21BT0050-0252 SG21BT0050-0253 SX190813A-047 SX190813A-117 SX190813A-118 SX190813A-194 SG20BT0240-0087 SG20BT0240-0089 SG20BT0240-0090 SG20BT0280-0154 SG20BT0240-0088 SG20BT0280-0066 SG20BT0280-0067 SG20BT0280-0078 SG20BT0280-0079 SG20BT0280-0088 SG20BT0280-0155 SG20BT0280-0156 SG20BT0280-0157 SG20BT0280-0158 SG20BT0280-0069 SG20BT0280-0070 SG20BT0280-0071 SG20BT0280-0072 SG20BT0280-0073 SG20BT0280-0074 SG20BT0280-0075 SG20BT0280-0076 SG20BT0280-0077 SG20BT0280-0080 SG20BT0280-0081 SG20BT0280-0087 SG20BT0280-0089 SG20BT0280-0091 SG20BT0280-0093 SG20BT0280-0095 SG20BT0280-0097 SG20BT0280-0098 SG20BT0280-0099 SG20BT0280-0139 SG20BT0280-0138 SG20BT0240-0098 SG20BT0240-0099 SG20BT0240-0100 SG20BT0240-0097 SG21BT0050-0237 SG21BT0050-0238 SG21BT0050-0239 SG21BT0050-0240 SG21BT0050-0241 SG21BT0050-0243 SG21BT0050-0245 SG21BT0050-0247 SG21BT0050-0248 SG21BT0050-0250 SG20BT0240-0096 SG20BT0240-0101 SG21BT0050-0233 SG21BT0050-0235 SG21BT0050-0236 SG20BT0240-0092 SG20BT0240-0093 SG20BT0240-0094 SG20BT0240-0095 SG20BT0280-0128 SG20BT0280-0129 SG20BT0280-0130 SG20BT0280-0131 SG20BT0280-0132 SG20BT0280-0133 SG20BT0280-0134 SG20BT0280-0135 SG20BT0280-0153 SG20BT0280-0159 SG20BT0280-0160 SG20BT0280-0161 SG20BT0280-0162 SG20BT0280-0163 SG20BT0280-0164 SG20BT0280-0165 SG20BT0280-0127 SG21BT0050-0230 SG21BT0050-0242 SG21BT0050-0224 SG21BT0050-0227 SG21BT0050-0229 SG21BT0050-0259 SG21BT0050-0262 SG21BT0050-0264 SG21BT0050-0266 SG21BT0050-0269 SG21BT0050-0271 SG21BT0050-0274 SG21BT0050-0204 SG21BT0050-0205 SG21BT0050-0222 SG21BT0050-0282 SG21BT0050-0301 SX190813A-112 SG21BT0050-0267 SG21BT0050-0231 SG21BT0050-0234 SG21BT0050-0244 SG21BT0050-0246 SG21BT0050-0249 SG21BT0050-0251 SG21BT0050-0254 SG21BT0050-0258 SG21BT0050-0270 SG21BT0050-0273 SG21BT0050-0276 SG21BT0050-0277 SG21BT0050-0279 SG21BT0050-0280 SG21BT0050-0283 SG21BT0050-0286 SG21BT0050-0292 SG21BT0050-0294 SG21BT0050-0296 SG21BT0050-0298 SG20BT0280-0125 SG20BT0280-0126 SG20BT0222-0002 SG20BT0222-0023 SG20BT0222-0024 SG20BT0222-0025 SG20BT0222-0026 SG20BT0222-0027 SG20BT0222-0028 SG20BT0222-0029 SG20BT0222-0030 SG20BT0222-0031 SG20BT0222-0032 SG20BT0222-0033 SG20BT0222-0034 SG20BT0222-0035 SG20BT0222-0036 SG20BT0222-0037 SG20BT0222-0038 SG20BT0222-0039 SG20BT0222-0040 SG20BT0222-0041 SG20BT0222-0042 SG20BT0222-0043 SG20BT0222-0044 SG20BT0222-0045 SG20BT0222-0046 SG20BT0222-0047 SG20BT0222-0048 SG20BT0222-0049 SG20BT0222-0050 SG20BT0222-0051 SG20BT0222-0052 SG20BT0222-0053 SG20BT0222-0054 SG20BT0222-0055 SG20BT0222-0056 SG20BT0222-0057 SG20BT0222-0058 SG20BT0222-0059 SG20BT0222-0060 SG20BT0222-0061 SG20BT0222-0062 SG20BT0222-0063 SG20BT0222-0064 SG20BT0222-0065 SG20BT0222-0066 SG20BT0222-0067 SG20BT0222-0068 SG20BT0222-0069 SG20BT0222-0070 SG20BT0222-0071 SG20BT0222-0072 SG20BT0222-0073 SG20BT0222-0074 SG20BT0222-0075 SG20BT0222-0076 SG20BT0222-0077 SG20BT0222-0078 SG20BT0222-0079 SG20BT0222-0080 SG20BT0222-0081 SG21BT0050-0260 SG21BT0050-0261 SG21BT0050-0263 SG21BT0050-0265 SG20BT0280-0123 SG20BT0280-0124 SG21BT0085-0041 SG21BT0085-0042 SG21BT0085-0043 SG21BT0085-0044 SG21BT0085-0045 SG21BT0085-0046 SG21BT0085-0047 SG21BT0085-0048 SG21BT0085-0049 SG21BT0085-0050 SX190813A-007 SX190813A-061 SX190813A-068 SX190813A-149 SG20BT0280-0121 SG20BT0280-0122 SG20BT0280-0136 SG20BT0280-0137 SG20BT0280-0140 SG20BT0280-0141 SG20BT0280-0142 SG20BT0280-0143 SG20BT0280-0144 SG20BT0280-0145 SG20BT0280-0146 SG20BT0280-0147 SG20BT0280-0148 SG20BT0280-0149 SG20BT0280-0150 SG20BT0280-0151 SG20BT0280-0152 SG20BT0282-0011 SG20BT0282-0023 SG20BT0282-0031 SG20BT0282-0087 SG20BT0282-0088 SG20BT0282-0089 SG20BT0282-0009 SG20BT0282-0063 SG20BT0282-0070 SG20BT0282-0071 SG20BT0282-0083 SG20BT0282-0084 SG20BT0282-0085 SG20BT0282-0086 SX190813A-080 SX190813A-081 SG20BT0282-0010 SG20BT0282-0052 SG20BT0282-0053 SG20BT0282-0054 SG20BT0282-0055 SG20BT0282-0056 SG20BT0282-0057 SG20BT0282-0058 SG20BT0282-0059 SG20BT0282-0060 SG20BT0282-0061 SG20BT0282-0062 SG20BT0282-0064 SG20BT0282-0065 SG20BT0282-0066 SG20BT0282-0067 SG20BT0282-0068 SG20BT0282-0069 SG21BT0049-0157 SG21BT0049-0158 SX190813A-015 SX190813A-063 SX190813A-078 SX190813A-082 SX190813A-083 SX190813A-084 SX190813A-085 SX190813A-086 SX190813A-088 SX190813A-089 SX190813A-104 SX190813A-114 SX190813A-119 SX190813A-120 SX190813A-143 SX190813A-145 SX190813A-148 SX190813A-152 SX190813A-158 SX190813A-159 SX190813A-160 SX190813A-161 SX190813A-162 SX190813A-163 SX190813A-164 SX190813A-165 SX190813A-166 SX190813A-167 SX190813A-168 SX190813A-178 SX190813A-183 SX190813A-184 SX190813A-190 SX190813A-191 SX190813A-195 SX190813A-199 SG21BT0049-0155 SG21BT0049-0189 SG21BT0049-0156 SG21BT0049-0159 SG21BT0049-0160 SG21BT0049-0161 SG21BT0049-0162 SG21BT0049-0163 SG21BT0049-0164 SG21BT0049-0165 SG21BT0049-0166 SG21BT0049-0167 SG21BT0049-0168 SG21BT0049-0169 SG21BT0049-0172 SG21BT0049-0173 SG21BT0049-0174 SG21BT0049-0183 SG21BT0049-0184 SG21BT0049-0185 SG21BT0049-0186 SG21BT0049-0187 SX190813A-030 SX190813A-035 SX190813A-036 SX190813A-067 SG21BT0049-0180 SG21BT0049-0181 SG21BT0049-0182 SX190816A-017 SX190816A-019 SX190813A-012 SX190813A-013 SX190813A-014 SX190813A-016 SX190813A-017 SX190813A-020 SX190813A-022 SX190813A-023 SX190813A-025 SX190813A-031 SX190813A-038 SX190813A-041 SX190813A-046 SX190813A-049 SX190813A-050 SX190813A-051 SX190813A-052 SX190813A-058 SX190813A-059 SX190813A-062 SX190813A-064 SX190813A-066 SX190813A-070 SX190813A-076 SX190813A-079 SX190813A-110 SX190813A-115 SX190813A-121 SX190813A-122 SX190813A-170 SX190813A-171 SX190813A-175 SX190813A-176 SX190813A-179 SX190813A-189 SX190813A-198 SG20BT0180-0150 SG20BT0180-0151 SG20BT0180-0152 SG20BT0180-0153 SG20BT0180-0154 SG20BT0180-0155 SG20BT0180-0156 SG20BT0180-0157 SG20BT0180-0158 SG20BT0180-0159 SG20BT0180-0160 SG20BT0180-0161 SG20BT0180-0162 SG20BT0180-0163 SG20BT0180-0164 SG20BT0180-0165 SG20BT0180-0166 SG20BT0180-0167 SG20BT0180-0168 SG20BT0180-0169"
"Devices","No","","92397","Ongoing","BioFire Diagnostics, LLC","515 S Colorow Dr","","Salt Lake City","UT","	84108-1248","United States","Voluntary: Firm initiated","Letter","US: CA    	CO    	CT    	FL    	GA    	IA    	IL    	IN    	LA    	MA    	MI    	MO    	MT    	NC    	NE    	NJ    	NM    	NY    	OH    	OK    	PA    	TN    	UT    	WV      OUS: Canada, India, Japan, Singapore, Colombia","Z-2439-2023","Class II","BioFire Respiratory Panel 2.1 (RP2.1), REF: 423742, For FILMARRAY systems, IVD, Rx Only","705 kits (30 pouches/kit)","Due to manufacturing issue, panels may result  in false negative results.","05/08/2023","08/21/2023","","08/30/2023","Pouch Lot #  2MRG22 Kit #  2118722 Exp. 12-Nov-23, Pouch Lot #  2N0Z22 Kit #  2151022 Exp.  20-Nov-23, Pouch Lot #  2N1622 Kit #  2151722 Exp. 20-Nov-23, Pouch Lot #  2N1B22 Kit #  2152222 Exp.  20-Nov-23, Pouch Lot #  2N1D22 Kit #  2152422 Exp. 20-Nov-23, Pouch Lot #  2N1G22 Kit #  2152722 Exp.  21-Nov-23, Pouch Lot #  2N2122 Kit #  2154622 Exp. 20-Nov-23, Pouch Lot #  2N2322 Kit #  2154822 Exp.  20-Nov-23, Pouch Lot #  2N2522 Kit #  2155022 Exp. 19-Nov-23, Pouch Lot #  2N2P22 Kit #  2156822 Exp.  23-Nov-23, Pouch Lot #  2N2T22 Kit #  2157222 Exp.  21-Nov-23, Pouch Lot #  2N3022 Kit #  2157922 Exp. 22-Nov-23, Pouch Lot #  2N3222 Kit #  2158122 Exp.  20-Nov-23, Pouch Lot #  2N4C22 Kit #  2162522 Exp. 23-Nov-23, Pouch Lot #  2N4D22 Kit #  2162622 Exp.  23-Nov-23, Pouch Lot #  2N4H22 Kit #  2163022 Exp. 27-Nov-23, Pouch Lot #  2N4Z22 kit #  2164622 Exp.  23-Nov-23, Pouch Lot #  2N5K22 Kit #  2166622 Exp. 23-Nov-23, Pouch Lot #  2N5Y22 Kit #  2167922 Exp.  23-Nov-23, Pouch Lot #  2N6122 Kit #  2168222 Exp.  27-Nov-23, Pouch Lot #  2N6222 Kit #  2168322 Exp. 22-Nov-23, Pouch Lot #  2N6R22 Kit #  2170622 Exp.  23-Nov-23, Pouch Lot #  2N6S22 Kit #  2170722 Exp. 23-Nov-23, Pouch Lot #  2N6W22 Kit #  2171122 Exp.  21-Nov-23, Pouch Lot #  2N6X22 Kit #  2171222 Exp. 22-Nov-23, Pouch Lot #  2N7422 Kit #  2171922 Exp.  26-Nov-23, ;UDI-DI: UDI: 00815381020482"
"Devices","No","","92397","Ongoing","BioFire Diagnostics, LLC","515 S Colorow Dr","","Salt Lake City","UT","	84108-1248","United States","Voluntary: Firm initiated","Letter","US: CA    	CO    	CT    	FL    	GA    	IA    	IL    	IN    	LA    	MA    	MI    	MO    	MT    	NC    	NE    	NJ    	NM    	NY    	OH    	OK    	PA    	TN    	UT    	WV      OUS: Canada, India, Japan, Singapore, Colombia","Z-2440-2023","Class II","FilmArray Pneumonia Panel (Pneumo), REF: RFIT-ASY-0145, For FILMARRAY systems, CE 2797, IVD, Rx Only","24 Kits (30 pouches/kit)","Due to manufacturing issue, panels may result  in false negative results.","05/08/2023","08/21/2023","","08/30/2023","Pouch Lot # 2NBT22 /Kit # 2187822 ;UDI-DI: UDI: 00815381020482"
"Food","No","","92624","Ongoing","RQA, Inc.","10608 163rd Pl","","Orland Park","IL","	60467-8858","United States","Voluntary: Firm initiated","Letter","Product was shipped to retail facilities in NC, SC & VA.","F-1456-2023","Class II","FANTA ZERO SUGAR orange 20 FL OZ (1.25 PT) 591 mL UPC 0 49000 04143 9 THE COCA-COLA COMPANY","150 bottles","The firm discovered that bottles labeled as Fanta Orange Zero Sugar actually contains regular Fanta Orange. The regular product contains 73g of sugar where the Fanta Zero contains 0g of sugar.","06/28/2023","08/22/2023","","08/30/2023","On lid - AUG 28  On bottle - AUG2823 SYD 2145 WV2 - 21500 WV2"
"Devices","No","","92630","Ongoing","ICU Medical Inc","600 N Field Dr","","Lake Forest","IL","	60045-4835","United States","Voluntary: Firm initiated","Letter","Worldwide","Z-2430-2023","Class II","Plum 360 Infusion System, List Numbers:  300100405, 300100409, 300100413, 300100414, 300100415, 300100418, 300100451, 300100452, 300100453, 300100481, 300100483, 300100613, 300101013, 300101113, 300101114, 300101313, 300101379, 300102213, 300102713, 300102913, 300103413, 300103414, 300104213, 300105413, 300105713, 300106313, 300106513, 300106581, 300107813, 300107814, 300108513, 300108813, 300108814, 300109913;  infusion pump","93135 devices","Due to a manufacturing defect of a supplier provided component, there is a potential that the audible signal for an alarm may not sound under certain conditions.","07/13/2023","08/18/2023","","08/30/2023","UDI/DI M335300101, All Plum 360 pumps manufactured between July 2020 and December 2021"
"Devices","No","","92645","Ongoing","Invacare Corporation","1200 Taylor St","","Elyria","OH","	44035-6248","United States","Voluntary: Firm initiated","E-Mail","US Nationwide distribution.","Z-2445-2023","Class II","DOLOMITE GLOSS ROLLATOR - intended to support during walking and may also serve as a resting seat.   Model Number(s):  1654807 - DOLOMITE GLOSS 680 ROLLATOR  1655081 - DOLOMITE GLOSS 600 ROLLATOR  1655082 - DOLOMITE GLOSS 520 ROLLATOR  1655083 - DOLOMITE GLOSS 450 ROLLATOR","586 devices","Premature failure of the seat during use, the plastic eyelets of the folding mechanism of the device's seat can break, and in a worst-case crossbar also breaks and the Rollator can collapse causing injury to user","06/15/2023","08/23/2023","","08/30/2023","Serial number in the range: 20BHL0002 to 21IHL1910"
"Devices","No","","92710","Ongoing","Randox Laboratories Ltd.","55 Diamond Road","","Crumlin (North)","","	","Ireland","Voluntary: Firm initiated","E-Mail","Worldwide distribution - US Nationwide distribution in the states of AR, FL, GA, OH, VA including PR and WW distribution.","Z-2446-2023","Class II","Randox Liquid Urine Control Level 2- intended for in vitro diagnostic use, in the quality control of Amylase, Calcium, Chloride, Cortisol, Creatinine, Glucose, hCG pregnancy, Magnesium, Microalbumin, Osmolality, pH, Phosphate Inorganic, Potassium, Protein Total, Sodium, Specific Gravity, Urea and Uric Acid (Urate) on clinical chemistry systems  Catalog Number: UC5074","39 units","(1) There is vial to vial variation resulting in some vials recovering positive for hCG, which should be negative and (2) high and outside range for cortisol. (3) There has been a transcription error for Creatinine in the Instructions For Use (IFU). The target and ranges for Creatinine for the Roche Creatinine Plus method have been listed incorrectly. These failures cause a delay in patient results for the above mentioned analytes.","06/21/2023","08/23/2023","","08/30/2023","GTIN: 05055273207569 Batch/Lot Number: 1209UC Expiry Date: 28 Mar 24"
"Devices","No","","92728","Ongoing","Olympus Corporation of the Americas","3500 Corporate Pkwy","","Center Valley","PA","	18034-8229","United States","Voluntary: Firm initiated","Letter","US Nationwide distribution.","Z-2447-2023","Class II","The Air/Water Valve is provided/used with the following Endoscopes:  ULTRASONIC GASTROFIBERSCOPE, ULTRASONIC GASTROVIDEOSCOPE, ULTRASONIC COLONOVIDEOSCOPE:  GF-UC140P-AL5, GF-UCT140-AL5, GF-UE160-AL5, GF-UCT180, GF-UM20, GF-UM130, GF-UMQ130,  GF-UM160, GF-UC160P-OL5, GF-UCT160-OL5","29590 units","The air/water valve MAJ-1444 used with OER-Pro  and OER-Elite may become damaged and result in loss of the one-way valve functionality by repeated automated endoscope reprocessing in Olympus OER machines, causing body fluid could backflow into the air/water channel of the ultrasonic endoscopes during the procedure.","07/12/2023","08/23/2023","","08/30/2023","UDI-DI: 04953170355929. All lot numbers"
"Food","No","","92731","Ongoing","Frito-Lay, Inc. Headquarters","7701 Legacy Dr","","Plano","TX","	75024-4002","United States","Voluntary: Firm initiated","Two or more of the following: Email, Fax, Letter, Press Release, Telephone, Visit","PA   ","F-1458-2023","Class II","Doritos Nacho Cheese Flavored Tortilla Chips Party Size-14 1/2 oz. (411 g) Doritos Nacho Cheese Flavored Tortilla Chips, 1 oz.","6,642 bags","Potential to contain undeclared soy & wheat ingredients.","07/18/2023","08/22/2023","","08/30/2023","UPC-0 28400 51779 9 Guaranteed Fresh Date Of 26 Sept 2023 Manufacturing Codes/Time Stamps 465218037 X 22:47   22:59 465218137 X 23:00   23:06  UPC-0 28400 09089 6 Guaranteed Fresh Date Of 26 Sept 2023 Manufacturing Codes/Time Stamps 465218034 X 22:47 - 22:54"
"Devices","No","","92738","Ongoing","Medicrea International","Vancia","Vancia","Rillieux La Pape","","	","France","Voluntary: Firm initiated","Letter","US nationwide","Z-2452-2023","Class II","IMPIX 3D, REF numbers:     a)	B242C09122810,   b)	B242C10062810,   c)	B242C10122810,   d)	B242C11062810,   e)	B242C11122810,   f)	B242C12062810,   g)	B242C12122810,   h)	B242C12123310,   i)	B242C13062810,   j)	B242C13122810,   k)	B242C14122810,   l)	B242C15122810,   m)	B247C07062410,   n)	B247C07062810,   o)	B247C07063210,   p)	B247C08062410,   q)	B247C08062810,   r)	B247C08063210,   s)	B247C09062410,   t)	B247C09062810,   u)	B247C09063210,   v)	B247C10062410,   w)	B247C10062810,   x)	B247C10063210,   y)	B247C11062410,   z)	B247C11062810,   aa)	B247C11063210,   bb)	B247C12062410,   cc)	B247C12062810,   dd)	B247C12063210,   ee)	B247C13062410,   ff)	B247C13062810,   gg)	B247C13063210,   hh)	B247C14062410,   ii)	B247C14062810,   jj)	B247C14063210,   kk)	B247C15062810,   ll)	B247C15063210;  intervertebral fusion device - lumbar","248 units","There is a potential for a product packaging non-conformity issue which presents as a pinhole in either the inner or outer pouch.","07/12/2023","08/24/2023","","08/30/2023","a) B242C09122810, GTIN 03613720284444, Lot Numbers:  20B0926, 20B0984;  b) B242C10062810, GTIN 03613720270522, Lot Numbers:  18E0499;  c) B242C10122810, GTIN 03613720284451, Lot Numbers: 20B0928, 20B0985;  d) B242C11062810, GTIN 03613720270539, Lot Numbers:  18D0708, 19F0261;  e) B242C11122810, GTIN 03613720284468, Lot Numbers:  20B0930, 20B0986;  f) B242C12062810, GTIN 03613720270546, Lot Numbers:  18D0709, 19G0038;  g) B242C12122810, GTIN 03613720284475, Lot Numbers:  20B0931, 20B0987;  h) B242C12123310, GTIN 03613720284543, Lot Numbers:  20C0374;  i) B242C13062810, GTIN 03613720270553, Lot Numbers:  18D0710, 19F0263;  j) B242C13122810, GTIN 03613720284482, Lot Numbers:  20E0343;  k) B242C14122810, GTIN 03613720284499, Lot Numbers:  20B0932;  l) B242C15122810, GTIN 03613720284505, Lot Numbers:  20B0933;  m) B247C07062410, GTIN 03613720272762, Lot Numbers:  18D0965, 18I0576, 18L0085;  n) B247C07062810, GTIN 03613720272779, Lot Numbers:  18I0577, 18L0084;  o) B247C07063210, GTIN 03613720272786, Lot Numbers:  18I0492;  p) B247C08062410, GTIN 03613720272533, Lot Numbers:  18D0966, 18I0579, 18L0086;  q) B247C08062810, GTIN 03613720272526, Lot Numbers:  18I0554, 18I0580;  r) B247C08063210, GTIN 03613720272540, Lot Numbers:  18I0493;  s) B247C09062410, GTIN 03613720272557, Lot Numbers:  18D0967, 18I0582, 18L0088, 19F0264;  t) B247C09062810, GTIN 03613720272564, Lot Numbers:  18H0611R, 18H0611R/1, 18I0555;  u) B247C09063210, GTIN 03613720272571, Lot Numbers:  18I0494;  v) B247C10062410, GTIN 03613720272588, Lot Numbers:  18D0968, 18I0584, 18L0089, 20A0451;  w) B247C10062810, GTIN 03613720272595, Lot Numbers:  18H0612, 18H0612/1, 18H0612/2;  x) B247C10063210, GTIN 03613720272601, Lot Numbers:  18I0495;  y) B247C11062410, GTIN 03613720272618, Lot Numbers:  18D0969, 18I0586, 19F0265;  z) B247C11062810, GTIN 03613720272625, Lot Numbers:  18H0613, 18H0613/1;  aa) B247C11063210, GTIN 03613720272632, Lot Numbers:  18I0496;  bb) B247C12062410, GTIN 03613720272649, Lot Numbers:  18D0970;  cc) B247C12062810, GTIN 03613720272656, Lot Numbers:  18H0614, 18I0558;  dd) B247C12063210, GTIN 03613720272663, Lot Numbers:  18I0560;  ee) B247C13062410, GTIN 03613720272670, Lot Numbers:  18I0589;  ff) B247C13062810, GTIN 03613720272687, Lot Numbers:  18H0615;  gg) B247C13063210, GTIN 03613720272694, Lot Numbers:  18I0561;  hh) B247C14062410, GTIN 03613720272700, Lot Numbers:  18L0099;  ii) B247C14062810, GTIN 03613720272717, Lot Numbers:  18H0616/1/1, 18H0616/2;  jj) B247C14063210, GTIN 03613720272724, Lot Numbers:  18I0562;  kk) B247C15062810, GTIN 03613720272748, Lot Numbers:  18I0498;  ll) B247C15063210, GTIN 03613720272755, Lot Numbers:  18I0563"
"Devices","No","","92738","Ongoing","Medicrea International","Vancia","Vancia","Rillieux La Pape","","	","France","Voluntary: Firm initiated","Letter","US nationwide","Z-2453-2023","Class II","IMPIX ALIF, REF numbers:     a) B15111209,   b) B15111212,   c) B15111409,   d) B15111412;   intervertebral fusion device - lumbar","11 units","There is a potential for a product packaging non-conformity issue which presents as a pinhole in either the inner or outer pouch.","07/12/2023","08/24/2023","","08/30/2023","a) B15111209, GTIN 03613720193395, Lot Numbers:  19C0772;  b) B15111212, GTIN 03613720193401, Lot Numbers:  19C0775, 19G0070;  c) B15111409, GTIN 03613720193425, Lot Numbers:  19E0353;  d) B15111412, GTIN 03613720193432, Lot Numbers:  19C0788"
"Devices","No","","92738","Ongoing","Medicrea International","Vancia","Vancia","Rillieux La Pape","","	","France","Voluntary: Firm initiated","Letter","US nationwide","Z-2454-2023","Class II","IMPIX ALIF S/A, REF number B15241415;   intervertebral fusion device - lumbar","5 units","There is a potential for a product packaging non-conformity issue which presents as a pinhole in either the inner or outer pouch.","07/12/2023","08/24/2023","","08/30/2023","GTIN 03613720264439, Lot Numbers:  18I0824, 19L0046"
"Devices","No","","92738","Ongoing","Medicrea International","Vancia","Vancia","Rillieux La Pape","","	","France","Voluntary: Firm initiated","Letter","US nationwide","Z-2455-2023","Class II","IMPIX DLIF, REF numbers:    a) B16123509,    b) B16123511,   c) B16124009,   d) B16124013,   e) B16124509,   f) B16124511,   g) B16124513,   h) B16164009,   i) B16164013,   j) B16165009,   k) B16165013; intervertebral fusion device - lumbar   ","24 units","There is a potential for a product packaging non-conformity issue which presents as a pinhole in either the inner or outer pouch.","07/12/2023","08/24/2023","","08/30/2023","a) B16123509, GTIN 03613720196341, Lot Numbers:  20B0490;  b) B16123511, GTIN 03613720196358, Lot Numbers:  19G0068;  c) B16124009, GTIN 03613720196396, Lot Numbers:  19K0269;  d) B16124013, GTIN 03613720196419, Lot Numbers:  19F0715;  e) B16124509, GTIN 03613720196440, Lot Numbers:  19F0713;  f) B16124511, GTIN 03613720196457, Lot Numbers:  19F0716;  g) B16124513, GTIN 03613720196464, Lot Numbers:  19K0270;  h) B16164009, GTIN 03613720196495, Lot Numbers:  18F1034;  i) B16164013, GTIN 03613720196518, Lot Numbers:  18G0178;  j) B16165009, GTIN 03613720196594, Lot Numbers:  18C0626;  k) B16165013, GTIN 03613720196617, Lot Numbers:  18C0629;"
"Devices","No","","92738","Ongoing","Medicrea International","Vancia","Vancia","Rillieux La Pape","","	","France","Voluntary: Firm initiated","Letter","US nationwide","Z-2456-2023","Class II","IMPIX MANTA, REF numbers:    a) A20150407,   b) A20250407,   c) A20350567,   d) B20181743,   e) B20181753,   f) B20181763,   g) B20181773,   h) B20181943,   i) B20181953,   j) B20181963,   k) B20181973,   l) B20182253,   m) B20182263; intervertebral fusion device - lumbar   ","4489 units","There is a potential for a product packaging non-conformity issue which presents as a pinhole in either the inner or outer pouch.","07/12/2023","08/24/2023","","08/30/2023","a) A20150407, GTIN 03613720236016, Lot Numbers:   18F0803, 18J0713, 18J0714, 19A0225, 19A0786, 19A0787, 19D0381, 19D0382, 19J0594, 20A0280, 20H0285, 20I0475, 20K0424, 21D0442, 21I0596, 22E0637;  b) A20250407, GTIN 03613720236078, Lot Numbers:  18E0532, 18I0840, 18I0841, 18K0067, 18K0068, 18L0399, 19A0371, 19A0372, 19C0587, 19D0383, 19D0384, 19J0592, 19J0746, 19K0731, 19K0853, 20A0281, 20C0260, 20F0920, 20H0286, 20I0476, 20J0558, 20K0425, 21D0858, 21F0990, 21I0598, 22C0262, 22C0268, 22D0732, 22E0638, 22E0640, 22E0642, 22E0656, 22F0408, 22F0409;  c) A20350567, GTIN 03613720236108, Lot Numbers:  18K0069, 19B0752, 19D0745, 20A0279, 20F0922, 20I0477, 21D0443, 21G0784, 22D0733, 22G0683;  d) B20181743, GTIN 03613720233251, Lot Numbers:  19D0208, 19E0604, 19K0588;  e) B20181753, GTIN 03613720233275, Lot Numbers:  20G0209, 20I0486, 20L0199, 21C0843;  f) B20181763, GTIN 03613720233305, Lot Numbers:  18L0570, 19D0100, 19G0205, 19J0470, 20A0645;  g) B20181773, GTIN 03613720233336, Lot Numbers:  19A0830, 19J0611, 19L0612, 20I0831;  h) B20181943, GTIN 03613720233442, Lot Numbers:  19K0878, 20E0094, 21G0420;  i) B20181953, GTIN 03613720233466, Lot Numbers:  21K0501;  j) B20181963, GTIN 03613720233497, Lot Numbers:  21K0502;  k) B20181973, GTIN 03613720233527, Lot Numbers:  21C0844;  l) B20182253, GTIN 03613720233657, Lot Numbers:  19J0471, 19J0711, 20I0832;  m) B20182263, GTIN 03613720233688, Lot Numbers:  22D0811"
"Devices","No","","92738","Ongoing","Medicrea International","Vancia","Vancia","Rillieux La Pape","","	","France","Voluntary: Firm initiated","Letter","US nationwide","Z-2457-2023","Class II","IMPIX TLIF, REF numbers:    a) B15130607S,   b) B15130609S,   c) B15130611S,   d) B15130613S,   e) B15130615S,   f) B15900806,   g) B15900906,   h) B15901006,   i) B15901106,   j) B15901206,   k) B15901306; intervertebral fusion device - lumbar   ","730 units","There is a potential for a product packaging non-conformity issue which presents as a pinhole in either the inner or outer pouch.","07/12/2023","08/24/2023","","08/30/2023","a) B15130607S, GTIN 03613720245681, Lot Numbers:  19B0894, 19C0092, 19G0921, 19G0922, 19L0045, 20B0320, 20B0477, 20B0478, 20B0479;  b) B15130609S, GTIN 03613720245674, Lot Numbers:  18D1077, 19J0690, 20A0042, 20A0423, 20A1000, 20B0322, 20B0476, 20F0908, 20H0481, 20I0099, 20J0734;  c) B15130611S, GTIN 03613720193760, Lot Numbers:  19B0895, 19D0071, 19E0170, 19I0695, 19J0324, 20A0228, 20B0731, 20B0732;  d) B15130613S, GTIN 03613720193784, Lot Numbers:  18G0602, 18I0594, 19C0091, 19F0641, 19L0032, 20F0909;  e) B15130615S, GTIN 03613720193807, Lot Numbers:  20I0097;  f) B15900806, GTIN 03613720275572, Lot Numbers:  19A0329R;  g) B15900906, GTIN 03613720275589, Lot Numbers:  19A0340R;  h) B15901006, GTIN 03613720275596, Lot Numbers:  19A0339R;  i) B15901106, GTIN 03613720275602, Lot Numbers:  19A0338R, 19G0337;  j) B15901206, GTIN 03613720275619, Lot Numbers:  19A0337R;  k) B15901306, GTIN 03613720275626, Lot Numbers:  19A0336R"
"Devices","No","","92738","Ongoing","Medicrea International","Vancia","Vancia","Rillieux La Pape","","	","France","Voluntary: Firm initiated","Letter","US nationwide","Z-2458-2023","Class II","PASS LP, REF numbers:    a) B02315535Z,   b) B02315540Z,   c) B02315545Z,   d) B02315550Z,   e) B02316535Z,   f) B02316540Z,   g) B02316545Z,   h) B02316550Z,   i) B02317540Z,   j) B02317545Z,   k) B02317550Z; intervertebral fusion device - cervical   ","963 units","There is a potential for a product packaging non-conformity issue which presents as a pinhole in either the inner or outer pouch.","07/12/2023","08/24/2023","","08/30/2023","a) B02315535Z, GTIN 03613720185086, Lot Numbers:  21J0184;  b) B02315540Z, GTIN 03613720185116, Lot Numbers:  18E0322, 18F1011, 18G0704, 18I0780, 18K0862, 19B0091, 19B0731, 19D0267, 19F0460, 19J0742, 20A0966, 20F0008, 20I0200, 20I0833, 22I0616;  c) B02315545Z, GTIN 03613720185147, Lot Numbers:  18H0617, 18I0682, 18J0215, 18K0863, 19K0545, 20H0147;  d) B02315550Z, GTIN 03613720185178, Lot Numbers:  19E0306, 20F0009;  e) B02316535Z, GTIN 03613720185321, Lot Numbers:  21J0185, 21J0899;  f) B02316540Z, GTIN 03613720185352, Lot Numbers:  18E0478, 18H0672, 18K0278, 18K0864, 19A0645, 19B0318, 19B0777, 19C0417, 19C0739, 19E0082, 19I0573, 20A0596, 20B0687, 20H0148, 20J0414, 21A0107, 22A0297, 22I0339;  g) B02316545Z, GTIN 03613720185383, Lot Numbers:  18D1035, 18E0508, 18F0534, 18G0170, 18G0591, 18H0588, 18J0054, 18K0279, 18K0865, 19A0066, 19B0093, 19B0912, 19C0138, 19D0177, 19E0084, 19G0188, 19J0227, 19J0228, 19K0764, 19L0360, 19L0580, 20B0688, 20H0151, 20J0415, 20L0238, 21A0109, 21A0642, 21D0174, 21F0505, 21L0394, 22A0047, 22L0091;  h) B02316550Z, GTIN 03613720185413, Lot Numbers:  21A0506, 21C0501;  i) B02317540Z, GTIN 03613720185598, Lot Numbers:  21A0110, 21A0508, 21A0524, 22B0782;  j) B02317545Z, GTIN 03613720185628, Lot Numbers:  20E0097, 21A0076, 21B0498;  k) B02317550Z, GTIN 03613720185659, Lot Numbers:  20C0294, 20H0508, 20J0283, 22B0366"
"Devices","No","","92738","Ongoing","Medicrea International","Vancia","Vancia","Rillieux La Pape","","	","France","Voluntary: Firm initiated","Letter","US nationwide","Z-2459-2023","Class II","GRANVIA-C, REF numbers:    a) A13111427,   b) A13112567,   c) A13113456,   d) A13131516,   e) A13131789,   f) A13132012,   g) B13111014,   h) B13111015,   i) B13111016,   j) B13111017,   k) B13111025,   l) B13111026,   m) B13111027,   n) B13111034,   o) B13111035,   p) B13111036; intervertebral fusion device - cervical   ","O (US)","There is a potential for a product packaging non-conformity issue which presents as a pinhole in either the inner or outer pouch.","07/12/2023","08/24/2023","","08/30/2023","a) A13111427, GTIN 03613720235637, Lot Numbers:  19D0379, 19J0745, 20F0921;  b) A13112567, GTIN 03613720235651, Lot Numbers:  18F0191, 19D0380;  c) A13113456, GTIN 03613720235668. Lot Numbers:  19C0241, 20F0929;  d) A13131516, GTIN 03613720235682, Lot Numbers:  21A0438;  e) A13131789, GTIN 03613720235699, Lot Numbers:  21D0856;  f) A13132012, GTIN 03613720235705, Lot Numbers:  21D0857;  g) B13111014, GTIN 03613720192602, Lot Numbers:  18J0704, 19I0437, 19L0317, 20B0743, 20H0170, 20I0346;  h) B13111015, GTIN 03613720192619, Lot Numbers:  18A0891, 18L0331, 19B0305, 19D0744, 19G0689, 19I0840, 19K0222, 20A0967, 20B0167, 20I0201, 20J0513, 21A0098,;  i) B13111016, GTIN 03613720192626, Lot Numbers:  18J0705, 19C0759, 19I0435, 19L0103, 20G0353, 20K0398, 21A0099, 21A0574, 21F0151;  j) B13111017, GTIN 03613720192633, Lot Numbers:  18J0706, 21D0097, 21I0125;  k) B13111025, GTIN 03613720192664, Lot Numbers:  18D0593, 19A0658, 19C0394, 19K0343, 20J0514;  l) B13111026, GTIN 03613720192671, Lot Numbers:  18J0707, 20J0516, 21I0072;  m) B13111027, GTIN 03613720192688, Lot Numbers:  18J0709, 21A0575, 21I0126;  n) B13111034, GTIN 03613720192718, Lot Numbers:  18B1066, 18D0594, 18E0614, 18H0671, 18K0878, 18L0389, 19A0354, 19A0377, 19D0306, 19D0307, 19D0578, 19E0387, 19J0465, 19K0068, 19L0607, 20B0744, 20G0354, 20K0399, 21A0203, 21A0732, 21F0153;  o) B13111035, GTIN 03613720192725, Lot Numbers:  18A0892, 18J0465, 18J0710, 19A0355, 19B0304, 19B0394, 19B0395, 19D0579, 19F0100R, 19J0466, 19K0069, 19L0394, 20B0745, 20C0296, 20G0355, 20I0348, 20K0434, 21A0103;  p) B13111036, GTIN 03613720192732, Lot Numbers:  18B1067, 18F1031, 18J0466, 18J0711, 18L0390, 19A0356, 19B0915, 19D0581, 19G0690, 19K0157, 19L0804, 20E0256, 20I0349, 20J0512, 21A0104"
"Devices","No","","92738","Ongoing","Medicrea International","Vancia","Vancia","Rillieux La Pape","","	","France","Voluntary: Firm initiated","Letter","US nationwide","Z-2460-2023","Class II","IMPIX C+, REF numbers:    a) B20240104,   b) B20240105,   c) B20240106,    d) B20240107,    e) B20240205,    f) B20240206,    g) B20240207,    h) B20240208; intervertebral fusion device - cervical   ","0 (US)","There is a potential for a product packaging non-conformity issue which presents as a pinhole in either the inner or outer pouch.","07/12/2023","08/24/2023","","08/30/2023","a) B20240104, GTIN 03613720234241, Lot Numbers:  19A0773, 19B0524, 19C0511, 19E0477, 19K0180;  b) B20240105, GTIN 03613720234258, Lot Numbers:  18K0653, 18L0497, 19A0636, 19A0654, 19B0189, 19C0512, 19C0664, 19I0849, 19L0701, 20G0851, 20H0262, 20I0570, 20I0877, 21D0764;  c) B20240106, GTIN 03613720234265, Lot Numbers:  18C0676R, 18C0677, 18D0172, 19E0573, 19K0687, 20B0586, 20H0263, 20J0077, 21D0148, 21J0504, 22B0181;  d) B20240107, GTIN 03613720234272, Lot Numbers:  18D0174, 18L0401, 18L0498, 19D0672, 19E0087, 19G1092, 19K0478, 20B0587, 20H0264, 21H0507, 22B0485;  e) B20240205, GTIN 03613720234319, Lot Numbers:  22D0384, 22G0443;  f) B20240206, GTIN 03613720234326, Lot Numbers:  20H0265, 22B0182;  g) B20240207, GTIN 03613720234333, Lot Numbers:  18I0761, 18J0489, 19C0513, 20A0488, 20H0266;  h) B20240208, GTIN 03613720234340, Lot Numbers:  18K0298, 19D0565, 19I0617, 20C0164, 20H0267, 22A0736"
"Devices","No","","92738","Ongoing","Medicrea International","Vancia","Vancia","Rillieux La Pape","","	","France","Voluntary: Firm initiated","Letter","US nationwide","Z-2461-2023","Class II","IMPIX S, REF numbers:    a) B15328071S,   b) B15328073S,   c) B15328074S,   d) B15334072S,   e) B15334073S,   f) B15334074S; intervertebral fusion device - cervical   ","0 (US)","There is a potential for a product packaging non-conformity issue which presents as a pinhole in either the inner or outer pouch.","07/12/2023","08/24/2023","","08/30/2023","a) B15328071S, GTIN 03613720195535, Lot Numbers:  19I0696, 20A0759;  b) B15328073S, GTIN 03613720195573, Lot Numbers:  20B0747;  c) B15328074S, GTIN 03613720195597, Lot Numbers:  19I0698;  d) B15334072S, GTIN 03613720195832, Lot Numbers:  19I0557, 20F0185;  e) B15334073S, GTIN 03613720195856, Lot Numbers:  19J0947;  f) B15334074S, GTIN 03613720195870, Lot Numbers:  19E0502, 19J0091, 20F0184"
"Devices","No","","92738","Ongoing","Medicrea International","Vancia","Vancia","Rillieux La Pape","","	","France","Voluntary: Firm initiated","Letter","US nationwide","Z-2462-2023","Class II","IMPIX MANTA+, REF numbers:    a) B20171743,   b) B20171753,   c) B20171763,   d) B20171773,   e) B20171943,   f) B20171953,   g) B20171963,   h) B20171973,   i) B20172253,   j) B20172263,   k) B20172273; intervertebral fusion device - cervical   ","","There is a potential for a product packaging non-conformity issue which presents as a pinhole in either the inner or outer pouch.","07/12/2023","08/24/2023","","08/30/2023","a) B20171743, GTIN 03613720232636, Lot Numbers:  18E0275, 18E0404, 18E0676, 18E0833, 18I0867, 18K0143, 18L0219, 19A0463, 19A0669, 19B0870, 19D0484, 19G0192, 19G0422, 19J0468, 19L0381, 20F0631, 20G0849, 20H0596, 20H0597, 20H0598, 20I0875, 20J0772, 21I0163, 22A0172, 22D0807, 22E0264, 22G0048, 22G0477, 22I0342;  b) B20171753, GTIN 03613720232667, Lot Numbers:  18H0597, 18K0137, 18K0831, 18L0488, 19A0324, 19A0325, 19B0362, 19B0470, 19D0485, 19E0322, 19G0204, 19G0423, 19I0274, 19J0273, 19L0382, 20F0632, 20F0633, 20H0600, 20H0601, 20H0602, 20H0603, 20I0222, 21C0104, 21F0651, 21I0511, 22I0615, 22J0265;  c) B20171763, GTIN 03613720232698, Lot Numbers:  18E0405, 18E0834, 18G0422, 18H0572, 18J0063, 18K0066, 18L0070, 18L0489, 19A0215, 19A0425, 19B0687, 19C0653, 19D0486, 19E0436, 19G0830, 19I0842, 19L0383, 20F0634, 20H0594, 20H0595, 21E0234, 21G0482, 22I0343;  d) B20171773, GTIN 03613720232728, Lot Numbers:  19C0591, 19F0579, 19H0089, 19J0272, 20F0635, 20H0249, 22G0571;  e) B20171943, GTIN 03613720232841, Lot Numbers:  18C0552, 18E0835, 18I0712, 18K0897, 18L0490, 19A0670, 19B0680, 19D0251, 19G0302, 19I0582, 20A0644, 20F0636, 20H0599, 20I0487, 21H0101, 22A0173, 22B0482, 22D0808, 22E0808;  f) B20171953, GTIN 03613720232872, Lot Numbers:  18E0483, 18E0677, 18E0836, 18J0103, 18K0144, 18L0400, 19A0159, 19A0671, 19A0675, 19B0089, 19D0487, 19D0637, 19F0103, 19G0303, 19H0375, 19I0843, 19K0586, 20A0200, 20C0163, 20F0637, 20H0251, 20H0254, 20H0255, 20J0062, 20J0065, 20J0368, 21F0551, 21I0177, 22B0786, 22E0263, 22E0809, 22F0490, 22F0492, 22G0440, 22H0055, 22J0202;  g) B20171963, GTIN 03613720232902, Lot Numbers:  18K0158, 18L0491, 19A0672, 19A0829, 19C0146, 19D0262, 19E0437, 19G0424, 19H0376, 19I0234, 19K0832, 19L0613, 20A0969, 20F0638, 20H0604, 20H0605, 20H0606, 20H0607, 20I0705, 20J0068, 21F0155, 22D0809, 22G0441, 22H0643, 22J0203,;  h) B20171973, GTIN 03613720232933, Lot Numbers:  18D0171, 18F0203, 18I0466, 18K0136, 18L0492, 19A0673, 19D0488, 19I0844, 20H0257, 21A0064, 22D0385, 22F1090, 22G0442;  i) B20172253, GTIN 03613720233084, Lot Numbers:  18E0406, 18K0140, 18K0898, 19A0214, 19B0174, 19C0728, 19E0438, 19I0583, 20H0258, 20K0542, 21G0760;  j) B20172263, GTIN 03613720233114, Lot Numbers:  18D1078, 18G0423, 18K0159, 18L0220, 19A0069, 19B0175, 19E0439, 19I0845, 20A0995, 20F0386, 20H0593, 20J0127, 21F0247, 21J0503;  k) B20172273, GTIN 03613720233145, Lot Numbers:  18K0160, 18K0608, 19A0079, 19B0471, 19C0729, 19D0671, 19J0469, 20H0259, 22B0180, 22B0484, 22E0095"
"Drugs","No","","92756","Ongoing","Aurobindo Pharma USA Inc.","279 Princeton Hightstown Rd","","East Windsor","NJ","	08520-1401","United States","Voluntary: Firm initiated","Letter","USA nationwide ","D-1087-2023","Class II","Rufinamide Tablets, USP 200 mg, packaged in 120-count bottle, Rx only, Distributed by:  Aurobindo Pharma USA, Inc., 279 Princeton-Hightstown Road, East Windsor, NJ 08520, Made in India, NDC 59651-616-08","48 bottles","cGMP deviations: Batch was released prior to approval.","07/21/2023","08/18/2023","","08/30/2023","Lot #: RB2023001A, Exp 02/2025"
"Drugs","No","","92756","Ongoing","Aurobindo Pharma USA Inc.","279 Princeton Hightstown Rd","","East Windsor","NJ","	08520-1401","United States","Voluntary: Firm initiated","Letter","USA nationwide ","D-1088-2023","Class II","Rufinamide Tablets, USP 400 mg, packaged in 120-count bottle, Rx only, Distributed by:  Aurobindo Pharma USA, Inc., 279 Princeton-Hightstown Road, East Windsor, NJ 08520, Made in India, NDC 59651-617-08 ","48 bottles","cGMP deviations: Batch was released prior to approval.","07/21/2023","08/18/2023","","08/30/2023","Lot #: RB4023002A, Exp 02/2025"
"Devices","No","","92760","Ongoing","Boston Scientific Corporation","4100 Hamline Ave N","","Saint Paul","MN","	55112-5700","United States","Voluntary: Firm initiated","Letter","Worldwide","Z-2441-2023","Class II","EMBLEM S-ICD Pulse Generator Model A209; Subcutaneous Implantable Cardioverter Defibrillator","3856 units","There is a potential for a rare interaction between the EMBLEM S-ICD and LATITUDE communicator, which may cause S-ICD sensing disablement for a 24-hour interval.","07/11/2023","08/22/2023","","08/30/2023","GTIN:  00802526544101, 00802526548406, 00802526575105, 00802526575112, 00802526575129, 00802526575136, 00802526575143, 00802526575167, 00802526575181, 00802526575204, 00802526575211, 00802526575228, 00802526599002; All EMBLEM S-ICDs enrolled in LATITUDE"
"Devices","No","","92760","Ongoing","Boston Scientific Corporation","4100 Hamline Ave N","","Saint Paul","MN","	55112-5700","United States","Voluntary: Firm initiated","Letter","Worldwide","Z-2442-2023","Class II","EMBLEM MRI S-ICD Pulse Generator Model A219; Subcutaneous Implantable Cardioverter Defibrillator","39976 units","There is a potential for a rare interaction between the EMBLEM S-ICD and LATITUDE communicator, which may cause S-ICD sensing disablement for a 24-hour interval.","07/11/2023","08/22/2023","","08/30/2023","GTIN:  00802526581519, 00802526584404, 00802526584411, 00802526590405, 00802526590429, 00802526590436; All EMBLEM S-ICDs enrolled in LATITUDE"
"Food","No","","92765","Ongoing","Inmar Supply Chain Solutions, LLC","1131 W Bardin Rd Ste 131","","Arlington","TX","	76017-6082","United States","Voluntary: Firm initiated","Other","Nationwide","F-1449-2023","Class II","Multiple FDA-regulated products. Pallets  ","Unknown","Potential exposure to rodents and rodent activity in the warehouse.","08/15/2023","08/18/2023","","08/30/2023","All food, dietary supplements, and/or cosmetics products that are still within the expiration date purchased from Inmar Supply Chain Solutions, LLC. located in Texas from May 2022 to present."
"Devices","No","","92767","Ongoing","Smith & Nephew, Inc.","1450 E Brooks Rd","","Memphis","TN","	38116-1804","United States","Voluntary: Firm initiated","Two or more of the following: Email, Fax, Letter, Press Release, Telephone, Visit","US, AE, CA, DE, ES, GB, MX, PA, PL","Z-2443-2023","Class II","TRIGEN TROCHANTERIC ANTEGRADE NAIL LIME 11.5MM X 36CM 130 DEGREE LEFT, REF 71647336, Femur nail","30 units","A complaint was received indicating that a package contained a TRIGEN TROCHANTERIC ANTEGRADE NAIL LIME 11.5MM X 40CM 130 DEGREE LEFT implant instead of a TRIGEN TROCHANTERIC ANTEGRADE NAIL LIME 11.5MM X 36CM 130 DEGREE LEFT as described on the product label.","07/24/2023","08/22/2023","","08/30/2023","UDI/DI 03596010500922, Batch Number 21KSM0598"
"Devices","No","","92767","Ongoing","Smith & Nephew, Inc.","1450 E Brooks Rd","","Memphis","TN","	38116-1804","United States","Voluntary: Firm initiated","Two or more of the following: Email, Fax, Letter, Press Release, Telephone, Visit","US, AE, CA, DE, ES, GB, MX, PA, PL","Z-2444-2023","Class II","TRIGEN TROCHANTERIC ANTEGRADE NAIL LIME 11.5MM X 40CM 130 DEGREE LEFT, REF 71647340, Femur nail","32 units","A complaint was received indicating that a package contained a TRIGEN TROCHANTERIC ANTEGRADE NAIL LIME 11.5MM X 40CM 130 DEGREE LEFT implant instead of a TRIGEN TROCHANTERIC ANTEGRADE NAIL LIME 11.5MM X 36CM 130 DEGREE LEFT as described on the product label.","07/24/2023","08/22/2023","","08/30/2023","UDI/DI 03596010500922, Batch Number 21KSM0606"
"Food","No","","92768","Ongoing","EVERY PLATE","1025 Post N Paddock St","","Grand Prairie","TX","	75050-1110","United States","Voluntary: Firm initiated","E-Mail","SC, AR, IL, NM, TN, DC, NJ and VA.","F-1460-2023","Class II","Green Curry Paste (one ounce) 28g contained in Every Plate meal code 87, 116.","12","Product spoiled due to temperature abuse.","07/21/2023","08/22/2023","","08/30/2023","1 oz (28g)-Every plate meal codes 87, 116."
"Devices","No","","92778","Ongoing","Medtronic Navigation, Inc.-Littleton","300 Foster St","","Littleton","MA","	01460-2017","United States","Voluntary: Firm initiated","Letter","Worldwide - US Nationwide distribution in the states of CA, CO, FL, IA, IL, IN, KY, MI, MO, NC, NV, OH, TN, UT, VA, & WA. The countries of Canada, Ireland, Poland, Russian Federation, Switzerland, & Viet Nam.  ","Z-2449-2023","Class II","The O-arm O2 Imaging System is a mobile x-ray system designed for 2D fluoroscopic and 3D imaging for adult and pediatric patients weighing 60 lbs. or greater and having an abdominal thickness greater than 16 cm and is intended to be used where a physician benefits from 2D and 3D information of anatomic structures and objects with high x-ray attenuation such as bony anatomy and metallic objects.","28 units","Ground cable installed incorrectly.","07/25/2023","08/24/2023","","08/30/2023","Model No. BI70002000; UDI-DI: 00763000074128, 00763000081041, 00763000355555, 00763000496784, 00763000542801, 00763000616434, 00763000616526, 00763000616564; Serial No. C2786, C2841, C2781, C2624, C2659, C2660, C2665, C2672, C2708, C2723, C2735, C2760, C2774, C2775, C2779, C2798, C2814, C2823, C2873, C2918, C2968, C3290, C3363, C3188, C3322, C3387, C3404, and C3418."
"Devices","No","","92781","Ongoing","Randox Laboratories Ltd.","55 Diamond Road","","Crumlin (North)","","	","Ireland","Voluntary: Firm initiated","E-Mail","CA, FL, IL, ME, MI, NC, OH, PA,NJ,","Z-2448-2023","Class II","Randox Liquid Protein Calibrators-SP CAL-(LIQ)-In vitro diagnostic product used for the calibration of ASO, Complement C3, Complement C4, CRP, Ferritin, Haptoglobin, IgM, Prealbumin, RF and Transferrin assays Catalogue Number: IT2691","166 units","As part of  the firm's ongoing quality monitoring (see internal complaint # OCC72574), Randox Laboratories have restandardized Ferritin in Liquid Protein Calibrators, IT2691, to reference material NISBC 19/118. The calibrators lots 2112IT-2116IT, packed into batches 627222, 627224, 634886 and 634887 have been reassigned as part of the restandardization. Following this restandardization, Ferritin results for Quality Control material and patient samples recovered erroneously higher than the targeted calibrator values  by approximately +10% across the assay range following.   ","07/19/2023","08/23/2023","","08/30/2023","GTIN: 05055273204032 Batch/  Lot number Expiry Date   590858  28 08 23;   590859  28 08 23;   627222  28Jul 24;   627224  28Jul24;   634886  28Jul24;   634887  28Jul24"
"Drugs","No","","92786","Ongoing","Parker Laboratories, Inc.","286 Eldridge Rd","","Fairfield","NJ","	07004-2509","United States","Voluntary: Firm initiated","E-Mail","Nationwide within the United States, Singapore, Korea and Hong Kong","D-1089-2023","Class II","Protex Foaming Hand Sanitizer (Benzalkonium Chloride 0.13%), packaged in a) 2 fl oz/60 mL Pump bottles (NDC 30775-040-02) and b)18 fl. oz./550 ml Pump Bottles (NDC 30775-040-18), Parker Laboratories, Inc. 286 Eldridge Road, Fairfield, NJ 07004","9","CGMP Deviations","08/02/2023","08/18/2023","","08/30/2023","Lot #: a) G0323002, Exp. Date 3/1/2025 Lot #: b) G1122001, Exp. Date 11/15/2024"
"Drugs","No","","92786","Ongoing","Parker Laboratories, Inc.","286 Eldridge Rd","","Fairfield","NJ","	07004-2509","United States","Voluntary: Firm initiated","E-Mail","Nationwide within the United States, Singapore, Korea and Hong Kong","D-1090-2023","Class II","Helix Pain Relieving Cream (Menthol 7.4%), packaged in a) 5 gm pouch (NDC 30775-051-01), b) 3 fl. oz. roll-on (NDC 30775-051-03), c) 4 fl. oz. tubes (NDC 30775-051-04), d) 12 fl oz pump bottles (NDC 30775-051-12), e) 32 fl. oz. pump bottles (NDC 30775-051-32), f) 1 U.S. gallon with pump (NDC 30775-051-50), g) Starter Kit (NDC 30775-051-95), Parker Laboratories, Inc. 286 Eldridge Road Fairfield, NJ 07004 ","250","CGMP Deviations","08/02/2023","08/18/2023","","08/30/2023","a) J0721010, Exp. Date 6/30/2024; J1022017, Exp. Date 10/27/2025; b) A0521002, Exp. Date 4/29/2024; c) A0322006, Exp. Date 3/2/2025, A0323004, Exp. Date 2/24/2026, A0422005, Exp. Date 3/14/2025, A0521001, Exp. Date 4/29/2024, A0822004, Exp. Date 7/27/2025, d) C0222001, Exp. Date 6/30/2023, C0521003, Exp. Date 4/29/2023, C0822005, Exp. Date 7/27/2024, e)C0721019, Exp. Date 6/30/2024, f) C0521001, Exp. Date 4/29/2024, C0721022, Exp. Date 6/30/2024, C0822006, Exp. Date 7/27/2025, g) C0323006, C0821022, C0922006, Exp. Date 4/29/2024, C1221003, Exp. Date 4/09/2024"
"Drugs","No","","92786","Ongoing","Parker Laboratories, Inc.","286 Eldridge Rd","","Fairfield","NJ","	07004-2509","United States","Voluntary: Firm initiated","E-Mail","Nationwide within the United States, Singapore, Korea and Hong Kong","D-1091-2023","Class II","Helix Tri-Active Therapy Cream (Camphor 3.2%, Menthol 7.4%, Methyl salicylate 12.5%), packaged in a) 3 fl. oz. roll-on (NDC 30775-052-03) and b) 4 fl. oz. tube (NDC 30775-052-04) Parker Laboratories, Inc. 286 Eldridge Road, Fairfield, NJ 07004","8","CGMP Deviations","08/02/2023","08/18/2023","","08/30/2023","Lot #: a) A1221010, Exp. Date 12/9/2023, b) A1221011, Exp date 12/9/2023"
"Drugs","No","","92786","Ongoing","Parker Laboratories, Inc.","286 Eldridge Rd","","Fairfield","NJ","	07004-2509","United States","Voluntary: Firm initiated","E-Mail","Nationwide within the United States, Singapore, Korea and Hong Kong","D-1092-2023","Class II","Helix CBD Therapy Cream (Menthol 7.4%), packaged in a) 3 g pouch (NDC 30775-053-01), b) 2 fl. oz. tubes (NDC 30775-053-02), c) 4 fl. oz. tubes (NDC 30775-053-04), Parker Laboratories Inc., Fairfield, NJ, 07004","40","CGMP Deviations","08/02/2023","08/18/2023","","08/30/2023","Lot #: a) J1121010, Exp. Date 12/16/2023, b) A0921006, Exp. Date 8/16/2023, c) A0921007, Exp. Date 8/16/2023"
"Drugs","No","","92786","Ongoing","Parker Laboratories, Inc.","286 Eldridge Rd","","Fairfield","NJ","	07004-2509","United States","Voluntary: Firm initiated","E-Mail","Nationwide within the United States, Singapore, Korea and Hong Kong","D-1093-2023","Class II","Helix CBD Clinical Cream (Menthol 7.4%), packaged in a)3 gm pouches (NDC30775-054-01), b)2 fl. oz. tubes (NDC 30775-054-02), and c) 4 fl. oz. tubes (NDC 30775-054-04), Parker Laboratories, Inc. 286 Eldridge Road, Fairfield, NJ 07004 ","50","CGMP Deviations","08/02/2023","08/18/2023","","08/30/2023","Lot #: a) J1121011, Exp. Date 12/21/2023, b) A0921009, Exp. Date 8/18/2023, c) A0921008, Exp. Date 8/18/2023"
"Devices","No","","92808","Ongoing","Siemens Healthcare Diagnostics, Inc.","511 Benedict Ave","","Tarrytown","NY","	10591-5005","United States","Voluntary: Firm initiated","Letter","Worldwide - US Nationwide distribution in the states of CA, CO, CT, FL, GA, IA, MD, MI, NJ, NM, NY, OH, PA, SD, TX, UT, and VA. Global distribution.","Z-2451-2023","Class II","ADVIA Chemistry Urinary/Cerebrospinal Fluid Protein (UCFP), Material Number 11319151,  in vitro diagnostic use in the quantitative determination of total protein in human urine and cerebrospinal fluid","3067 units","There is a potential for ADVIA Chemistry Urinary/Cerebrospinal Fluid Protein reagent carryover impacting Enzymatic Creatinine_2 (ECRE_2). Falsely depressed ECRE_2 results may be observed when the assay is processed after the UCFP test on ADVIA Chemistry systems.","07/25/2023","08/24/2023","","08/30/2023","UDI-DI: 00630414279176; Lot Numbers: All lots"
"Biologics","No","","92819","Terminated","LifeSouth Community Blood Centers, Inc.","1221 NW 13th St","","Gainesville","FL","	32601-4111","United States","Voluntary: Firm initiated","","Florida","B-0584-2023","Class II","Apheresis Platelets, Leukocytes Reduced","1 unit","Leukoreduced Apheresis Platelets, in which the platelet yield did not meet specifications, were distributed.","06/08/2023","08/21/2023","08/21/2023","08/30/2023","W115123137303F"
"Biologics","No","","92820","Terminated","LifeSouth Community Blood Centers, Inc.","1221 NW 13th St","","Gainesville","FL","	32601-4111","United States","Voluntary: Firm initiated","","Florida","B-0585-2023","Class II","Apheresis Platelets, Leukocytes Reduced","1 unit","Leukoreduced Apheresis Platelets, with a pH value lower than expected, was distributed.","06/19/2023","08/21/2023","08/21/2023","08/30/2023","W115123099148U"
"Biologics","No","","92821","Terminated","LifeSouth Community Blood Centers Inc","396 W Oxmoor Rd","","Birmingham","AL","	35209-6321","United States","Voluntary: Firm initiated","","Alabama","B-0586-2023","Class II","Red Blood Cells, Leukocytes Reduced","1 unit","Leukoreduced Red Blood Cells, collected in a manner that compromises the sterility of the collection system, was distributed.","06/10/2023","08/21/2023","08/21/2023","08/30/2023","W115123130504Z"
"Biologics","No","","92822","Terminated","Blood Bank Of San Bernardino And Riverside Counties","384 W Orange Show Rd","","San Bernardino","CA","	92408-2028","United States","Voluntary: Firm initiated","","California; Connecticut","B-0587-2023","Class II","Red Blood Cells, Leukocytes Reduced","1 unit","Blood products, for which donor eligibility screening was incomplete, were distributed.","07/11/2023","08/21/2023","08/21/2023","08/30/2023","W125622090930"
"Biologics","No","","92822","Terminated","Blood Bank Of San Bernardino And Riverside Counties","384 W Orange Show Rd","","San Bernardino","CA","	92408-2028","United States","Voluntary: Firm initiated","","California; Connecticut","B-0588-2023","Class II","Pooled Cryoprecipitated AHF","1 unit","Blood products, for which donor eligibility screening was incomplete, were distributed.","07/11/2023","08/21/2023","08/21/2023","08/30/2023","W125622089414"
"Biologics","No","","92823","Terminated","American National Red Cross","100 Red Cross Cir","","Pomona","CA","	91768-2580","United States","Voluntary: Firm initiated","Letter","California","B-0589-2023","Class II","Pooled Cryoprecipitated AHF","1 unit","Blood products, for which donor eligibility screening was incomplete, were distributed.","06/27/2023","08/21/2023","08/21/2023","08/30/2023","W20062299760800S"
"Food","No","","92837","Ongoing","Bickel's Snack Foods Inc","1120 Zinns Quarry Rd","","York","PA","	17404-3533","United States","Voluntary: Firm initiated","Two or more of the following: Email, Fax, Letter, Press Release, Telephone, Visit","Distributed in GA and retails stores nationwide.","F-1457-2023","Class II","Butter Flavored Popcorn Naturally & Artificially Flavored, 8oz. UPC: 70175 06021 Packaged in clear plastic bags, 9 bags per case.","6,048 bags","Undeclared milk","08/08/2023","08/22/2023","","08/30/2023","20 NOV 23  Z4 E1 and 27 NOV 23 Z4 E1"
"Food","No","","92849","Ongoing","Pearson Foods Corporation","1024 Ken O Sha Ind Park Dr Se","","Grand Rapids","MI","	49508-8217","United States","Voluntary: Firm initiated","Letter","IL","F-1453-2023","Class II","Pearson Foods Lettuce Romaine. 1, 2.5lb bag per case","690 units","Potentially contaminated with deer feces","08/02/2023","08/22/2023","","08/30/2023","Best if Used By: 08/11 Best if Used By: 08/13"
"Drugs","No","","92857","Ongoing","Ecometics, Inc.","19 Concord St","","Norwalk","CT","	06854-3706","United States","Voluntary: Firm initiated","Letter","Nationwide in the USA","D-1096-2023","Class II","Blis-To-Sol Liquid (Tolnaftate), 1%, packaged in a) 1 FLUID OZ. (29.5 mL) bottles, UPC 0 11169 20011 8 and b) 1.85 FLUID OZ. (54.5 mL) bottles, UPC 0 11169 20012 5, Distributed by Oakhurst Company, Levittown, NY 11756. ","a) 9816 bottles; b) 10,776 bottles","CGMP Deviations: Products not manufactured under current good manufacturing practices.","08/09/2023","08/24/2023","","08/30/2023","Lot: 9E098A"
"Drugs","No","","92857","Ongoing","Ecometics, Inc.","19 Concord St","","Norwalk","CT","	06854-3706","United States","Voluntary: Firm initiated","Letter","Nationwide in the USA","D-1097-2023","Class II","YAGER'S LINIMENT (Camphor and Turpentine Oil) 3.1% and 8.12% respectively, packaged in a) 4 FL OZ (118 mL) bottles, UPC 0 11169 00004 6, and 8 FL OZ (236 mL) bottles, UPC 0 11169 00008 4, The Oakhurst Co., Dist., Levittown, NY 11756.","a) 5028 bottles; b) 9809 bottles","CGMP Deviations: Products not manufactured under current good manufacturing practices.","08/09/2023","08/24/2023","","08/30/2023","Lot: 0E267A"
"Drugs","No","","92857","Ongoing","Ecometics, Inc.","19 Concord St","","Norwalk","CT","	06854-3706","United States","Voluntary: Firm initiated","Letter","Nationwide in the USA","D-1098-2023","Class II","ALCOLADO RELAMPAGO (Menthol and Camphor), 1% and 1.5% respectively, packaged in a 7 FLUID OZ (207 ml) bottles, UPC 7 18864 20102 9 and b) 16 FLUID OZ (472 ml) bottles, UPC 7 18864, 20110 4, Distributed by: The Larkspur Group, Inc., Norwalk, CT 06854.","a) 52,879 bottles; b) 12,054 bottles","CGMP Deviations: Products not manufactured under current good manufacturing practices.","08/09/2023","08/24/2023","","08/30/2023","a) 0E280A, exp 10/23; 0E318A, exp 11/23; 1E109A, exp 3/24; 1E141A, exp 5/24; b) 0E280A, exp 11/23; 1E109A, 1E141A, exp 3/24"
"Drugs","No","","92857","Ongoing","Ecometics, Inc.","19 Concord St","","Norwalk","CT","	06854-3706","United States","Voluntary: Firm initiated","Letter","Nationwide in the USA","D-1099-2023","Class II","Unguentine Ointment, (Camphor 3.0%, Phenol 2.5%, Tannic Acid 2.2%, Zinc Oxide 6.6%), labeled as a) NET WT 1 OZ (28 g) tubes, Improved Formula, UPC 0 11169 10216 0, and b) NET WT 1 OZ (28.3g) tubes, Maximum Strength, UPC 0 11169 11250 3, Distributed by: Oakhurst Company, Levittown, NY 11756. ","a) 6,120 tubes, b) 540 tubes","CGMP Deviations: Products not manufactured under current good manufacturing practices.","08/09/2023","08/24/2023","","08/30/2023","a) and b) 1E113A, exp 4/24"
"Drugs","No","","92857","Ongoing","Ecometics, Inc.","19 Concord St","","Norwalk","CT","	06854-3706","United States","Voluntary: Firm initiated","Letter","Nationwide in the USA","D-1100-2023","Class II","activator concentrate, Sodium Fluoride 0.96% in Activator Concentrate; 0.08% in diluted Activator Solution, Net 1 FL. OZ., Manufactured for: All USA Direct, LLC, Broadview, IL 60155.","32,583 bottles","CGMP Deviations: Products not manufactured under current good manufacturing practices.","08/09/2023","08/24/2023","","08/30/2023","Lot: 1E175B, exp 6/24"
"Drugs","No","","92857","Ongoing","Ecometics, Inc.","19 Concord St","","Norwalk","CT","	06854-3706","United States","Voluntary: Firm initiated","Letter","Nationwide in the USA","D-1101-2023","Class II","AstrinGyn (Ferric Subsulfate) Aqueous, 259 mg/g, 8 gm Single Use Vials, Manufactured for CooperSurgical, Trumbull, CT 06611, NDC 59365-6065-0, Ref 6065.  ","92,967 vials","CGMP Deviations: Products not manufactured under current good manufacturing practices.","08/09/2023","08/24/2023","","08/30/2023","Lot #: 2E144A, 2E157A, exp: 11/2023; 2E270A, exp: 3/2024; 2E300A, exp: 4/2024"
"Drugs","No","","92857","Ongoing","Ecometics, Inc.","19 Concord St","","Norwalk","CT","	06854-3706","United States","Voluntary: Firm initiated","Letter","Nationwide in the USA","D-1102-2023","Class II","Lugol's (Strong Iodine Solution USP), Each mL contains Iodine 0.05gm and potassium iodide 0.100gm, 8mL Single Use Vials, Rx Only, Manufactured for CooperSurgical, Trumbull, CT  06611, NDC 59365-6064-0, Ref 6064. ","38,486 vials","CGMP Deviations: Products not manufactured under current good manufacturing practices.","08/09/2023","08/24/2023","","08/30/2023","Lot #: 2E235A, exp: 2/2024; 2E293A, exp: 3/2024"
"Biologics","No","","92861","Terminated","Blood Assurance Inc","705 E 4th St","","Chattanooga","TN","	37403-1916","United States","Voluntary: Firm initiated","Telephone","Tennessee","B-0600-2023","Class II","Red Blood Cells, Leukocytes Reduced","1 unit","Red Blood Cell product identified as unsuitable due to a storage deviation, was distributed.","12/28/2022","08/21/2023","08/21/2023","08/30/2023","W043222100581"
"Biologics","No","","92863","Terminated","New York Blood Center, Inc.","4501 Vernon Blvd","","Long Island City","NY","	11101-5201","United States","Voluntary: Firm initiated","","KOREA, SOUTH; New York","B-0602-2023","Class II","Pooled Cryoprecipitated AHF","1 unit","Blood products identified as unsuitable due to positive testing for Chagas, were distributed.","06/07/2023","08/21/2023","08/21/2023","08/30/2023","W047023179158"
"Biologics","No","","92863","Terminated","New York Blood Center, Inc.","4501 Vernon Blvd","","Long Island City","NY","	11101-5201","United States","Voluntary: Firm initiated","","KOREA, SOUTH; New York","B-0603-2023","Class II","Red Blood Cells, Leukocytes Reduced","1 unit","Blood products identified as unsuitable due to positive testing for Chagas, were distributed.","06/07/2023","08/21/2023","08/21/2023","08/30/2023","W047023171712"
"Biologics","No","","92866","Terminated","ImpactLife","5500 Lakeview Pkwy","","Davenport","IA","	52807-3481","United States","Voluntary: Firm initiated","","Iowa; Missouri","B-0598-2023","Class II","Red Blood Cells, Leukocytes Reduced","1 unit","Blood products, collected from a donor who had recently traveled to a malarial endemic area, were distributed.","10/27/2022","08/21/2023","08/21/2023","08/30/2023","W038321079347"
"Biologics","No","","92866","Terminated","ImpactLife","5500 Lakeview Pkwy","","Davenport","IA","	52807-3481","United States","Voluntary: Firm initiated","","Iowa; Missouri","B-0599-2023","Class II","Red Blood Cells, Leukocytes Reduced, Irradiated","1 unit","Blood products, collected from a donor who had recently traveled to a malarial endemic area, were distributed.","10/27/2022","08/21/2023","08/21/2023","08/30/2023","W038320146285"
"Food","No","","92877","Ongoing","Crispy Bagel Co., Inc.","230 N Franklintown Rd","","Baltimore","MD","	21223-1039","United States","Voluntary: Firm initiated","E-Mail","Distributed to distribution centers in VA, NC, and MD.","F-1455-2023","Class II","Blueberry Artificially Flavored Bagels By Lidl NET WT 20 OZ (1 LB 4 OZ) 567 g UPC: 2099 0305 Packaged in a plastic bag","3020 units","Undeclared sesame","08/02/2023","08/22/2023","","08/30/2023","Best by dates August 7 2023 to August 11 2023"
"Drugs","No","","92884","Ongoing","Inmar Supply Chain Solutions, LLC","1131 W Bardin Rd Ste 131","","Arlington","TX","	76017-6082","United States","","Two or more of the following: Email, Fax, Letter, Press Release, Telephone, Visit","Separate Distribution List (salvage buyers) provided by Inmar and will be uploaded. Final customer distribution unknown.","D-1104-2023","Class II","All Over-The-Counter (OTC) drug products warehoused, salvaged, and sold by Inmar.","Unknown","CGMP Deviations: Potential exposure to rodents and rodent activity in the distribution center. Also, due to unusually hot weather, FDA Recalled Products may have been subjected to temperatures in excess of storage condition instructions on product labeling.","08/14/2023","08/24/2023","","08/30/2023","Miscellaneous"
"Drugs","No","","92896","Ongoing","TMC Acquisitions LLC dba Tailor Made Compounding","200 Moore Dr","","Nicholasville","KY","	40356-8512","United States","Voluntary: Firm initiated","Letter","Nationwide within the USA","D-1105-2023","Class II","Semaglutide/Cyanocobalamin 2mg/0.4mg/mL, 1mLvials, Tailor Made Compounding.","9 vials","Lack of Assurance of Sterility","08/15/2023","08/24/2023","","08/30/2023","Lot#: 07262326A1, BUD: 10/24/2023"
"Drugs","No","","92896","Ongoing","TMC Acquisitions LLC dba Tailor Made Compounding","200 Moore Dr","","Nicholasville","KY","	40356-8512","United States","Voluntary: Firm initiated","Letter","Nationwide within the USA","D-1106-2023","Class II","NAD+ 200mg/ml, 10ml vials, Tailor Made Compounding.","99 vials","Lack of Assurance of Sterility","08/15/2023","08/24/2023","","08/30/2023","Lot#: 07192307A2, BUD: 11/18/2023"
"Drugs","No","","92848","Ongoing","Imprimis NJOF, LLC","1705 Route 46 Ste 6B","","Ledgewood","NJ","	07852-9720","United States","Voluntary: Firm initiated","","Nationwide in the US","D-1094-2023","Class III","Moxifloxacin - Bromfenac Sterile Ophthalmic Solution 0.5% / 0.075%, 5mL bottle, Imprimis NJOF, LLC. 1705 Route 46 West, Unit 6B, Ledgewood, NJ 07852 (844)-446-6979, NDC: 71384-311-05.  ","2,683 bottles","Subpotent Drug; sub-potent Bromfenac levels, below the 90.0-110.0% specification range.","08/10/2023","08/21/2023","","08/30/2023","Lot #s: 22DEC047 exp 9/16/23, 23FEB057 exp 11/24/23."
"Drugs","No","","92859","Ongoing","Glenmark Pharmaceuticals Inc., USA","750 Corporate Dr","","Mahwah","NJ","	07430-2009","United States","Voluntary: Firm initiated","Letter","nationwide in the U.S.","D-1095-2023","Class III","Trandolapril and Verapamil Hydrochloride Extended-Release Tablets 2 mg / 180 mg, 100-count Bottle, Rx only, Manufactured by: Glenmark Pharmaceuticals Ltd. Colvale -Bardez, Goa 403513, India, Manufactured for Glenmark Pharmaceuticals Inc., USA, Mahwah, NJ 07430, NDC 68462-295-01","1,200 bottles","Subpotent: Out of Specification for Assay Test at the 3-month time point.","08/14/2023","08/22/2023","","08/30/2023","Batch # 19224744"
"Biologics","No","","92862","Terminated","Innovative Blood Resources d.b.a. Nebraska Community Blood Bank","100 N 84th St","","Lincoln","NE","	68505-3101","United States","Voluntary: Firm initiated","Telephone","Nebraska","B-0601-2023","Class III","Red Blood Cells","","Misbranded Red Blood Cell products were distributed.","07/06/2023","08/21/2023","08/21/2023","08/30/2023","W087923901816 (double collection)"
"Biologics","No","","92864","Terminated","ImpactLife","5500 Lakeview Pkwy","","Davenport","IA","	52807-3481","United States","Voluntary: Firm initiated","","California","B-0596-2023","Class III","Red Blood Cells, Leukocytes Reduced","1 unit","Leukoreduced Red Blood Cells, collected from a donor who did not respond to the question, ""Are you feeling well and healthy today?"", was distributed.","06/30/2023","08/21/2023","08/21/2023","08/30/2023","W038323056784"
"Drugs","No","","92887","Ongoing","Baxter Healthcare Corporation","1 Baxter Pkwy","","Deerfield","IL","	60015-4625","United States","Voluntary: Firm initiated","Letter","Nationwide in the U.S.A.","D-1103-2023","Class III","Bendamustine HCl Injection, 100mg/4mL (25mg/mL), One 4 mL Multiple-Dose Vial, Rx only, Manufactured for Baxter Healthcare Corporation, Deerfield, IL 60015, NDC 10019-079-01.","13,502 vials","Labeling: Missing Label; customer complaint received that labels were partially or completely peeled off injection vial.","08/14/2023","08/24/2023","","08/30/2023","Lots: 3A004A, 3A004B, Exp 12/31/2024; 3B005A, Exp 1/31/2025"
